land_area,affected_families,landowners,compensation_completion,legal_dispute,court_cases,ownership_conflict,approval_delay_days,possession_pct,rehabilitation_pct,stakeholder_response,delay_probability,delay_status,predicted_delay_days
380.7947176588889,824,792,38.34276297516709,0,6,0,43,40.033378681806695,33.12570695576229,Good,74.4,Delayed,94.0
951.207163345817,21,333,10.343542071191242,0,5,0,99,38.48219056553487,11.881856110171148,Good,82.81,Delayed,102.0
734.6740023932911,327,798,71.3502534161458,1,7,0,27,79.65955785646081,30.078101660082023,Good,80.7,Delayed,100.0
602.6718993550662,601,150,25.04188103240991,0,5,0,16,14.686516559914278,15.08641217170816,Normal,80.07,Delayed,94.0
164.45845403801215,225,479,68.97541687224924,0,9,0,126,11.153948455954524,19.305544296703737,Poor,96.69,Delayed,113.0
164.43457513284062,348,796,99.2568355451055,1,2,0,122,81.59899527339833,48.83573078628781,Good,65.57,Delayed,85.0
67.50277604651747,785,343,16.540378444901464,1,3,0,130,52.943173839014435,30.692653377546932,Normal,93.79,Delayed,110.0
867.5143843171858,670,382,16.937021075631463,1,2,1,75,21.779302469821836,56.4351290672881,Normal,98.15,Delayed,119.0
605.1038616257767,90,573,40.63420834000074,1,0,0,45,31.200934113505113,32.814437793147135,Normal,67.04,Delayed,81.0
710.9918520180851,736,503,87.97478628262078,1,9,1,68,93.92535577876443,94.64835709926528,Good,83.9,Delayed,108.0
30.378649352844423,494,548,29.397688191219867,0,4,0,136,87.35526780624082,91.5349571133638,Normal,85.19,Delayed,107.0
970.2107536403744,383,678,42.43400379373128,1,0,0,84,73.88065452015752,61.01254945094194,Good,69.56,Delayed,77.0
834.1182143924175,985,760,16.16548659642816,0,0,0,10,53.40027073035939,41.89815927886475,Good,33.51,At-Risk,34.0
220.2157195714934,719,165,78.68397621330004,1,1,0,68,56.829126357224716,44.3032193831262,Poor,85.57,Delayed,106.0
190.00671753502962,209,300,46.7475708483506,0,3,0,98,97.77200817555628,47.066705483004725,Good,63.04,Delayed,75.0
191.5704647548995,546,657,78.33238597547586,0,5,0,90,96.91933994958585,75.48213899214497,Good,47.01,At-Risk,54.0
311.1998205299424,475,153,91.32470599121156,0,7,0,93,29.374214120725085,50.647509596695414,Poor,94.8,Delayed,119.0
529.5088673159155,98,115,30.948683239115987,1,2,0,114,82.99941096747864,87.10569518553076,Good,60.38,Delayed,73.0
437.62556845569463,277,429,82.66564273059562,0,0,0,30,27.751839955031514,94.9685307337328,Normal,37.02,At-Risk,45.0
298.3168487960615,664,679,15.318450107042795,1,2,0,10,29.218373009555624,40.235153804104044,Good,83.99,Delayed,105.0
615.7343657751557,580,667,90.89626493622227,1,2,0,86,70.84837307481192,60.46250332381121,Good,67.89,Delayed,80.0
148.09892204552142,931,11,68.56916928028727,0,4,0,120,46.45009887287936,18.5550883149308,Good,73.26,Delayed,96.0
299.22320204986596,498,598,88.68040517245164,1,3,0,129,93.83899663958682,28.042214298972308,Good,72.72,Delayed,83.0
372.6982248607548,886,653,10.016955960092371,1,3,1,104,18.010876140640796,47.21191900391441,Normal,98.31,Delayed,121.0
461.50928437486556,547,99,25.217296332039325,0,8,1,26,56.037307672854375,28.558244431160098,Normal,94.71,Delayed,121.0
787.3242017790834,56,354,45.078344868384285,0,6,0,1,92.66693773988091,88.89044417098458,Normal,50.74,At-Risk,54.0
207.67704433677613,297,359,44.15526130372467,0,3,0,102,91.37022944315547,24.245763045318824,Poor,85.76,Delayed,101.0
519.0920940294754,787,468,30.40573446311596,0,2,1,100,24.08762920741671,51.009473939778275,Good,80.69,Delayed,103.0
596.4904231734221,25,272,44.34507458804801,0,5,0,20,42.99739300868108,64.5129316413888,Normal,57.62,At-Risk,75.0
55.98590859279775,720,360,21.596384080022936,1,2,0,57,65.72092600420265,72.26775173447601,Normal,78.7,Delayed,94.0
611.4694033824239,410,117,47.148501633942345,0,5,1,132,24.345539629426195,44.476243275385606,Poor,96.64,Delayed,112.0
178.8188824504186,928,595,82.21188962433378,1,8,0,84,97.12199548411648,88.21891618522557,Good,84.56,Delayed,106.0
74.40107705542673,803,48,53.11630567930161,0,5,0,92,92.32743958548943,61.148723597013294,Normal,73.28,Delayed,94.0
949.3966818807999,990,168,11.620008005069348,0,3,0,19,25.025516113102228,49.55570024027966,Poor,92.93,Delayed,106.0
965.9757127438138,95,592,47.929963742132266,1,4,0,60,20.903991513488688,16.051657064683297,Good,85.63,Delayed,97.0
810.3133746352966,259,321,12.445751448175974,1,5,1,37,17.686763452743875,51.82205216006485,Poor,98.16,Delayed,119.0
311.56763148163697,400,250,96.96190696361184,0,2,0,147,91.8499297632968,83.86622567341573,Good,40.15,At-Risk,51.0
106.69539286632003,791,454,21.470856348058206,0,7,0,24,27.42614288159147,65.3086916399184,Normal,82.07,Delayed,97.0
687.3906962470353,344,307,73.69194936975569,0,3,0,129,47.46564356899192,84.89462083562066,Poor,79.58,Delayed,99.0
445.7509688022053,638,45,97.54986906028772,0,7,0,120,50.39662290868027,54.46105035393751,Normal,86.64,Delayed,100.0
130.81785249633106,528,93,84.34351464999146,0,9,0,25,63.91099397922108,20.661553458503366,Normal,77.25,Delayed,82.0
500.2251410101575,146,461,72.93838376135832,0,9,0,66,16.456180937268247,11.227586125229296,Good,78.85,Delayed,93.0
44.04463590406621,892,784,85.55148185506903,0,2,1,0,30.408275566046434,37.2897592046732,Poor,69.79,Delayed,84.0
910.2271980579942,697,394,98.36188239345648,1,9,0,50,93.83413482270335,72.81914243480132,Normal,81.57,Delayed,97.0
266.1921817840167,849,181,65.92100475281767,0,6,0,4,91.75690965417125,81.12339135475244,Good,37.6,At-Risk,39.0
665.8970615104422,507,385,60.32663261463938,0,8,0,12,80.3161582665123,36.61775511582965,Normal,78.53,Delayed,85.0
318.59396532851684,836,694,66.54142994169533,0,3,0,146,11.746112105639389,54.60885287949224,Normal,79.28,Delayed,93.0
524.8673409660327,736,371,57.940829808539945,1,7,1,139,39.43060916464919,47.900701399067344,Good,97.19,Delayed,121.0
551.2431765498469,486,568,67.15801953187469,1,2,0,47,66.5162861808617,46.94705059162851,Good,63.09,Delayed,82.0
193.00591097027177,603,150,50.48579871753033,0,6,1,56,34.76711905961281,30.821384188013543,Good,77.61,Delayed,99.0
969.888781486913,232,127,29.65988645949764,1,2,0,114,91.86280255483996,22.273399452651255,Normal,84.89,Delayed,98.0
777.3814951275034,999,286,20.822250386050808,0,6,0,34,67.05005156491977,27.70197024080918,Normal,78.61,Delayed,89.0
940.1039521485473,381,735,16.150684197903438,0,9,0,75,16.471604558480102,14.979914844701149,Normal,94.25,Delayed,116.0
895.8790769233724,944,229,33.69842053778801,0,9,0,93,91.81050299521327,27.831766764121934,Poor,94.72,Delayed,117.0
601.9209790229743,411,35,14.151120790216044,0,5,0,4,96.19899923586003,10.82808078628415,Poor,78.58,Delayed,96.0
922.6554926728857,452,530,61.045370192744706,1,1,1,21,16.994117655255295,66.45325605723804,Normal,83.39,Delayed,90.0
97.6075770314003,499,792,35.54456023211682,1,2,0,102,57.91242113751834,38.47378666489146,Good,85.17,Delayed,98.0
204.02303379495373,624,19,84.20813272783289,0,5,1,130,37.302785399275336,97.58302402842178,Normal,93.0,Delayed,111.0
54.775016021432684,282,387,16.68167856895478,0,3,0,123,45.35551688332621,27.43453456986681,Normal,92.2,Delayed,113.0
332.0770274556317,535,642,30.371634490733733,0,5,0,52,26.16860961598077,41.12457132786345,Normal,72.63,Delayed,91.0
394.7905167925872,168,646,75.72215323811314,0,0,0,68,62.02648918111713,42.205704277737986,Normal,46.13,At-Risk,56.0
278.63554145615694,161,691,63.89274667451423,0,9,0,103,96.21814179240016,10.76063464562145,Good,77.38,Delayed,95.0
830.45013406041,629,593,15.804214412425079,0,0,0,15,55.276534024444814,85.52871577355131,Poor,61.32,Delayed,74.0
363.1857934266534,197,161,88.95155114459804,0,2,0,115,17.462312325503305,12.879501412989224,Good,58.48,At-Risk,74.0
288.1251645905069,822,729,88.95355865435616,0,7,0,75,65.80012001296674,94.61618512563173,Normal,69.2,Delayed,85.0
547.269122326666,107,58,39.736720348819645,0,7,1,108,40.620069500613134,90.28669159842586,Good,88.93,Delayed,107.0
149.51498272501502,140,163,40.63652590146082,0,3,0,38,87.0332670632168,58.19697244773672,Poor,59.39,At-Risk,70.0
804.1750109464992,814,302,99.01255225151564,1,5,1,88,49.12103334848232,58.92360174201629,Good,85.04,Delayed,102.0
83.80513724297312,180,589,66.35585544338244,0,7,1,111,27.355564804802103,68.84001306605407,Good,87.02,Delayed,107.0
987.0180672345122,945,59,57.81848685112532,1,6,0,46,27.199506042203044,44.83450107413983,Good,87.83,Delayed,107.0
774.5223216036909,995,673,85.4336965196732,0,6,0,136,79.18877626490443,68.250005505807,Good,72.33,Delayed,89.0
206.72852471883067,192,540,35.676130452158475,1,3,0,127,33.902883847662395,14.029154981963819,Good,93.18,Delayed,119.0
15.466895952366375,992,621,48.62643340567212,1,8,0,76,79.05100547433007,14.864286461475391,Normal,94.14,Delayed,114.0
817.3068141702859,373,69,34.09990079395008,0,9,0,14,28.529857968993944,51.15073776575899,Normal,87.47,Delayed,102.0
709.788770409141,48,176,81.02447619298583,0,5,1,35,38.95177318311785,59.46600709954314,Good,68.79,Delayed,87.0
731.7170963605774,536,211,61.60144110716962,1,2,0,62,51.893827519572945,89.90358763022371,Good,72.59,Delayed,80.0
773.5576432190862,897,155,69.29425631260635,0,4,0,68,94.88762647241056,19.419457051710665,Poor,74.99,Delayed,85.0
83.30420521674945,506,685,32.70765248554659,0,4,0,73,93.85582822784421,84.03831344745004,Normal,63.46,Delayed,78.0
364.8810712588299,525,448,29.82027712395836,0,4,0,23,28.618468788005902,28.90426035628626,Normal,77.77,Delayed,96.0
124.71036892987841,358,251,53.95371660846448,0,7,0,48,42.239713711876554,45.467528365902865,Normal,73.81,Delayed,82.0
864.4723916168376,991,590,76.38091741835441,0,8,0,145,23.44594496083951,38.49421913446716,Good,88.72,Delayed,105.0
627.0651455592823,930,696,57.271578176814415,1,8,0,6,55.898657138214745,46.01397455788591,Good,86.49,Delayed,101.0
337.5890446041227,406,570,12.938110979110174,0,5,0,3,51.452429562519995,23.544594826532702,Good,70.43,Delayed,82.0
72.9227667831634,731,492,88.169635568826,0,5,0,89,91.06841462056592,55.321306696319944,Poor,72.26,Delayed,91.0
317.8724984985056,170,117,15.821820416361842,1,8,0,59,93.70048400119654,82.14783308482305,Poor,95.19,Delayed,118.0
331.9314888064796,25,235,96.0242035348677,0,3,0,54,44.52106519065629,49.73806093410072,Normal,36.41,At-Risk,44.0
732.3101165546834,502,682,12.262776244954544,1,5,0,15,54.25641487170905,54.15522183083792,Good,85.98,Delayed,100.0
641.181896641661,435,640,72.50054105176379,0,3,0,28,90.66126242315198,86.38908267531828,Good,24.64,On-Time,23.0
888.3406151505633,117,670,17.39863573406035,0,0,1,13,82.60370269705552,73.54523031742278,Good,39.95,At-Risk,55.0
477.4927759103298,903,671,91.96089214916256,1,6,0,78,10.329068021018434,54.14089676678063,Normal,90.69,Delayed,112.0
128.3983034789187,459,441,51.79899126029885,0,9,1,32,38.80536077652242,33.19260833702617,Good,88.93,Delayed,103.0
716.1123393507651,320,664,22.377139733531386,1,5,0,20,47.95968177425133,89.643407216047,Poor,89.83,Delayed,111.0
763.1771981307285,748,428,40.673412981086194,1,8,0,144,30.674465531490853,61.931836152150254,Good,97.2,Delayed,116.0
565.6644255938013,179,464,24.834220781208586,1,6,1,22,27.961445430634488,29.903284909962405,Poor,97.6,Delayed,116.0
773.2575081550153,555,169,25.3523720401381,0,6,0,56,13.40060559361117,34.22077773742093,Normal,93.3,Delayed,114.0
498.85764040074685,423,532,95.3297488154298,1,1,1,141,67.90327525627845,82.28197800426213,Normal,91.73,Delayed,106.0
527.5055010881741,260,659,50.07215010563093,0,8,0,92,33.625926143484904,13.973100587870992,Normal,88.77,Delayed,105.0
433.26560817496414,768,599,80.99220375148236,0,9,0,19,14.711246058818178,99.2882968325938,Normal,77.04,Delayed,93.0
35.164935476654236,790,86,67.56450050599136,1,8,1,18,30.788137947525726,21.73165117433126,Normal,95.69,Delayed,112.0
116.81251272337141,150,518,70.8783726104553,0,5,0,102,82.17225575525138,81.64616728572436,Normal,61.52,Delayed,77.0
41.11489382986691,283,450,21.852409462483465,1,2,0,76,86.6340263481892,45.52977850945146,Normal,91.05,Delayed,119.0
640.0463071511426,425,263,31.07660021339371,1,0,0,32,53.47596206739724,54.299456495872015,Poor,80.95,Delayed,93.0
321.2124212655634,617,779,80.80753016389933,1,3,1,17,47.44636033678176,89.25855197181201,Normal,83.2,Delayed,92.0
513.4849842530557,748,329,97.36895858273047,0,2,1,72,98.00683241516036,47.16200706302919,Normal,64.34,Delayed,67.0
908.490809186832,900,272,33.640807833878654,1,0,0,16,28.05081936292629,58.374437830591106,Poor,79.39,Delayed,95.0
256.7993068573862,48,606,34.44118882759359,0,2,1,18,29.382335456914763,14.436969616825294,Good,60.62,Delayed,69.0
416.2790938052734,823,667,52.56074195298144,1,3,0,69,36.26804593327598,10.211272648070784,Good,78.89,Delayed,96.0
757.9956271576182,38,563,98.54562815698941,0,7,0,119,25.54815864529786,32.031988570155335,Normal,76.86,Delayed,93.0
236.51018383670623,967,383,34.206305124382396,0,8,0,100,44.142903838376796,71.25247836268906,Normal,80.13,Delayed,88.0
86.21011073050506,486,646,46.62747186708375,0,2,0,33,91.97508042907785,20.913840402322304,Poor,68.76,Delayed,73.0
296.85393838463034,327,176,90.23320140611561,0,5,0,83,65.38130565657168,20.238576292409448,Normal,81.69,Delayed,100.0
169.60907438146438,254,762,10.262892935922581,0,9,0,73,47.075189375103726,46.9864547232313,Normal,93.07,Delayed,112.0
930.4006758191473,757,468,13.57893684897126,1,4,0,87,94.09697151140934,68.3053334747404,Normal,84.61,Delayed,99.0
810.0391757687728,706,289,64.36645093640973,0,5,0,84,14.361780922824009,74.08647930231375,Good,66.18,Delayed,71.0
637.0697189453192,281,709,91.66421482415623,0,3,0,10,28.924856011167524,26.060560668853732,Normal,45.37,At-Risk,57.0
872.7459842858406,449,311,31.49709943617349,0,9,0,90,60.92997445915831,17.162933263483822,Poor,94.08,Delayed,119.0
805.6353561301233,757,540,52.26775972126381,0,5,0,143,65.39973608738612,94.63573305509898,Good,78.34,Delayed,95.0
194.70435829717547,248,589,50.54187714920364,0,6,1,126,13.560175590635183,33.459974430589156,Normal,96.87,Delayed,112.0
893.633408505078,386,227,52.56742114859591,0,8,1,112,46.2734882116419,86.80118478478515,Normal,91.58,Delayed,110.0
543.9488194964943,275,111,66.02677261567706,0,9,0,79,68.42385683477855,87.71423054165365,Good,75.0,Delayed,83.0
809.3657536124219,935,563,52.27693866916154,0,6,1,6,72.82634917630614,79.527033258629,Good,76.72,Delayed,97.0
897.1303869242583,930,297,50.2721327190212,0,5,0,15,67.43259122646424,25.195024598731308,Poor,87.17,Delayed,105.0
324.8234402221452,368,176,52.685957838813444,0,0,0,15,38.85069019248321,83.96213133287803,Good,47.73,At-Risk,48.0
118.95140528239999,349,630,63.178069714393736,0,1,1,11,18.416811123811854,79.2325503317428,Good,42.61,At-Risk,50.0
235.65581091652226,398,45,58.33067395162225,1,0,0,34,48.44012017774007,63.70506910955954,Good,74.26,Delayed,91.0
432.83671073999375,586,753,86.87223978854539,1,8,1,20,21.587899363124993,40.34818316520575,Normal,94.73,Delayed,112.0
819.8346182632682,999,750,14.454716814429995,0,9,0,16,95.28612926686004,33.62577438398897,Normal,81.96,Delayed,97.0
862.12327742378,698,362,84.99853643257113,1,9,1,31,52.765377942036544,20.970029087232305,Normal,96.41,Delayed,110.0
16.882609225878795,12,685,85.95321513505516,0,8,0,40,38.55332569211808,55.878136021078426,Good,47.77,At-Risk,60.0
515.6398295517901,438,82,35.64172193778647,0,6,0,133,78.96736640070101,62.67347879588618,Poor,92.59,Delayed,108.0
423.2368931172912,151,657,51.65667595142656,1,1,0,26,54.81537333240375,42.34050914642085,Good,45.94,At-Risk,44.0
229.88673236602295,385,362,49.46846396836919,0,5,0,147,37.9030621611205,52.78231609127817,Good,81.16,Delayed,96.0
128.66671366034598,679,79,29.665885091871726,1,3,0,65,83.07709681517215,42.716301163234,Normal,90.35,Delayed,113.0
344.23901968959166,333,434,45.711716237768485,0,0,1,136,88.04369359010097,67.69054515886312,Good,65.5,Delayed,77.0
943.480606873394,155,717,13.994899495376899,0,0,0,91,70.57073496598093,91.1133287016907,Poor,70.35,Delayed,93.0
329.9709027005477,967,790,35.0039865503561,0,4,0,60,14.226798016690056,24.75282358422504,Poor,91.94,Delayed,112.0
523.6027155259325,302,570,83.50139579056463,1,1,0,2,60.96905921498789,44.32679289128111,Good,50.5,At-Risk,62.0
705.9887693062261,674,651,35.61060715866078,0,3,0,102,78.69654207975535,22.678174355577518,Poor,77.86,Delayed,93.0
369.99330635550103,441,526,83.63860018734228,1,0,1,54,22.285271087522396,66.24493933670487,Normal,85.41,Delayed,102.0
972.0642618937511,714,437,57.84395181439878,0,3,0,0,30.5803676246143,75.59834585397363,Poor,63.16,Delayed,74.0
962.8228219926901,958,548,89.1876409625044,0,5,0,100,89.42455945613229,93.87214593377102,Good,48.21,At-Risk,56.0
259.2644728671105,984,169,61.73015988379737,0,9,0,44,11.810954966776663,35.098473363486846,Normal,92.67,Delayed,114.0
502.2760208334616,594,158,12.670140075826584,0,3,0,25,77.74544240433784,95.51900852788872,Good,35.14,At-Risk,37.0
307.86952671860195,408,785,70.78781867923803,1,0,1,120,52.63959632629806,15.693640463860731,Poor,93.23,Delayed,106.0
291.9920894336929,826,239,14.036821122121179,0,6,0,141,50.20949429556462,64.27124770281293,Good,80.37,Delayed,91.0
46.51807788098747,898,721,50.55373170848206,1,1,0,45,10.638687924539846,15.141944740899698,Normal,84.45,Delayed,112.0
613.4686906400979,353,571,93.64840250258025,1,8,1,121,83.74584078698435,90.43967689857503,Good,94.34,Delayed,116.0
507.6522329965729,973,76,24.868354540406514,0,2,1,30,42.384241057290986,57.68281513630487,Good,71.18,Delayed,87.0
60.96396373748946,149,390,45.08851176473897,0,7,0,58,58.668906817048864,70.24135156865165,Normal,67.81,Delayed,76.0
285.8599995942453,196,67,75.68742779636305,0,7,0,28,70.95706177020935,84.84165333194073,Poor,66.18,Delayed,83.0
909.1832271069871,814,268,89.40327004853629,0,2,0,105,73.23666187941242,23.527956023557188,Normal,49.16,At-Risk,58.0
247.1662717603027,70,351,70.38487042682571,0,3,0,16,96.03820529434651,13.473240574432046,Poor,42.51,At-Risk,52.0
153.44592337031085,948,139,33.23559287720523,0,1,1,141,57.82059579129482,89.09930313215669,Good,81.83,Delayed,93.0
494.5582326747874,389,736,70.71470676245946,0,3,0,23,45.97475958769848,38.343990471303925,Normal,44.42,At-Risk,54.0
985.7939495694947,719,181,36.7054876993681,0,8,0,108,95.83332638425371,21.608101713444874,Normal,92.66,Delayed,109.0
249.6347187963854,816,779,74.65863068368617,0,1,0,90,67.7899211522969,52.16151133783779,Good,40.52,At-Risk,45.0
675.4141919318198,449,623,95.86298148265365,0,2,0,24,36.83353206489001,63.84754681264169,Normal,40.39,At-Risk,52.0
764.0034191754304,328,218,74.92541059956595,0,3,0,31,21.381782086321405,12.787354308025911,Normal,62.06,Delayed,67.0
245.26116855247568,311,363,87.65924526211711,1,4,0,115,85.82990513186631,34.7406092431379,Normal,87.15,Delayed,107.0
730.934185125741,353,480,10.189345885829507,0,0,0,81,42.59634425147364,12.951988684920641,Normal,80.3,Delayed,100.0
374.1053013920607,20,125,74.5814912258435,0,6,0,109,69.4422749227988,47.83018502759491,Normal,73.1,Delayed,83.0
635.9827722876437,71,273,84.66288011787253,1,9,0,145,52.37347774293083,90.55900261596199,Good,91.83,Delayed,106.0
637.1944136532858,854,671,13.650286379021328,0,6,0,36,27.90368018155345,98.43871703442123,Good,71.89,Delayed,85.0
540.4169372340109,235,451,88.44379545594076,0,8,0,25,64.15179477584186,67.33427981532648,Normal,66.59,Delayed,81.0
99.38687235386422,162,557,33.10248054790412,0,3,0,136,15.461476205561409,24.54739244061326,Good,80.75,Delayed,96.0
836.9494706333456,720,462,69.87628917802496,0,5,0,63,47.2008213884073,91.52644509993752,Good,54.02,At-Risk,67.0
327.5722643220185,573,486,82.0319391121066,0,1,0,71,59.195344569730395,56.46230408800544,Normal,45.1,At-Risk,63.0
194.6533252958557,781,296,69.63980617534199,0,3,0,147,49.24422767067212,23.837438089262626,Normal,80.63,Delayed,94.0
50.367390139216276,580,312,18.30563128659315,0,1,0,105,77.38049577258917,92.95540025064952,Good,47.45,At-Risk,48.0
594.9840137563594,593,320,63.668936697433146,0,9,1,85,84.51324590907812,78.17221456507927,Normal,92.0,Delayed,115.0
680.7887182238596,669,217,59.462529104992925,1,4,1,52,79.41187666298602,75.85347454508364,Normal,92.63,Delayed,120.0
26.42195063857759,870,627,91.02891412668443,1,6,0,91,13.49316530306219,73.82626334149643,Good,90.28,Delayed,110.0
516.9721277162882,584,455,46.38157566797883,0,0,0,98,27.4715893401375,28.030583898679808,Normal,62.96,Delayed,70.0
234.23081744595856,319,679,38.89729873783451,1,9,1,10,58.29467583373969,28.990602253677345,Normal,97.82,Delayed,117.0
648.7210625053553,894,642,77.48656879928197,0,9,0,30,94.13398363994212,71.94636985845295,Normal,65.61,Delayed,73.0
182.62276471494152,252,64,47.1407793475057,0,6,0,99,85.14610975469051,29.775047509935717,Normal,83.88,Delayed,104.0
694.0283607214413,502,21,68.14865575045567,1,9,0,86,85.82810575166215,49.4804527122744,Good,85.29,Delayed,96.0
392.86799283753203,375,666,68.18050811121464,0,5,1,146,37.288737438370745,80.38016430345472,Normal,92.27,Delayed,109.0
937.3626888493671,339,409,89.9235157924106,0,5,0,139,48.65031073708323,80.55572662880569,Good,67.17,Delayed,76.0
146.1457347045333,116,657,63.88231620871876,0,7,0,14,52.36353525843437,50.79355952732737,Poor,66.81,Delayed,81.0
347.65568753975595,235,524,55.19382489657882,0,7,0,100,24.163442501491936,81.29709444477206,Poor,92.72,Delayed,109.0
122.33878602818318,834,665,22.49841937568653,1,5,1,28,12.796131722001068,85.47596165782511,Normal,97.41,Delayed,118.0
925.4466820957772,227,551,20.416384601083482,1,2,0,113,95.22126095144652,68.92981761558343,Good,76.47,Delayed,92.0
878.5659598471713,946,246,23.888940875477147,1,4,0,106,31.664132709715606,30.558326707757814,Good,95.5,Delayed,110.0
265.362211438004,762,288,25.466363319438507,1,1,0,107,31.59540133512682,34.66106023469928,Good,86.67,Delayed,107.0
663.3842055738372,515,357,67.40893833972706,0,4,0,129,17.504114839188357,38.335703986786186,Normal,88.86,Delayed,106.0
819.0499781992037,268,636,76.68831252471206,0,8,0,83,93.56569767494007,20.51236969605568,Good,50.2,At-Risk,55.0
559.6488034834678,897,113,57.69923706337769,0,9,0,14,62.17634034457948,34.58436583329506,Normal,90.3,Delayed,120.0
534.3540725724464,783,639,84.6115959290942,0,0,1,131,70.03331714128186,28.85673018812789,Good,75.82,Delayed,93.0
249.43376799144716,526,526,99.21369040602698,0,9,0,49,92.04191985367473,50.97958748277419,Poor,76.51,Delayed,91.0
102.17174012784022,782,257,83.80113662074204,1,4,0,22,41.10581520107105,91.75937930850384,Good,44.46,At-Risk,60.0
898.2436003737935,63,373,72.53941363083632,0,5,0,58,65.93565800242757,19.403228507856227,Poor,76.99,Delayed,102.0
901.4138765916972,56,330,57.92434294934319,0,6,0,89,13.491950925599872,74.82411315526561,Poor,81.38,Delayed,97.0
636.7704427005352,736,642,50.39677645072374,0,8,0,114,26.80952754080164,71.8554703971815,Normal,92.75,Delayed,113.0
345.63949313821365,698,295,17.595314249008812,0,5,0,74,84.81212245809482,18.61787787970219,Normal,85.11,Delayed,97.0
355.7174788665343,530,158,45.943187355522184,1,4,0,122,79.00915207045021,93.031516441522,Normal,84.81,Delayed,101.0
728.6961220815369,108,93,91.91211731039208,0,6,0,135,41.55784223114322,61.162498194113766,Normal,84.56,Delayed,100.0
898.1391573530514,29,415,82.72203669158976,0,0,0,138,43.912956499679126,42.73529690221158,Good,48.54,At-Risk,59.0
888.2155600224661,899,465,29.444622851051847,1,4,1,17,58.01989901982215,78.0884725145776,Good,89.8,Delayed,109.0
782.0767903990476,762,752,51.99470062274943,0,1,1,49,10.02169042166211,33.16289125614706,Normal,82.68,Delayed,102.0
645.6113296927449,582,170,83.50508823026901,0,3,0,141,31.71199024342251,72.41588533416883,Normal,66.24,Delayed,81.0
93.29856534509834,900,793,16.064609930697028,0,6,0,117,28.7408627747393,13.57400868150225,Normal,96.12,Delayed,109.0
170.01242695366764,499,469,44.86533271017934,1,4,0,136,32.54346520747871,85.54672338483448,Good,88.81,Delayed,102.0
899.5686466418084,428,559,86.66571131865528,0,5,1,138,82.53152582800972,50.335376231918666,Good,70.58,Delayed,82.0
610.364769062994,699,509,46.35080777531114,1,1,0,107,35.17064708917988,67.30236229221475,Good,86.32,Delayed,102.0
19.10508110046335,859,747,16.985318025829677,1,2,1,66,27.236918984513334,29.91140378260153,Good,96.86,Delayed,121.0
110.45682743737179,71,518,58.82809316790263,0,6,0,77,55.383711471372834,70.93663413926032,Good,59.44,At-Risk,66.0
666.8667514169753,154,663,87.55682454264658,1,1,1,74,87.90805327354587,79.50162483039489,Good,77.25,Delayed,91.0
15.0109680077565,225,490,63.12569886578437,1,5,1,38,31.72147334537499,52.58918681959589,Good,89.0,Delayed,112.0
169.19997090332367,12,672,30.365119739280864,1,4,1,24,17.068261851351885,65.59542316556148,Poor,94.13,Delayed,111.0
553.2464514729203,169,123,44.58156581236432,1,9,0,20,42.07642622646982,51.06933314401587,Good,85.64,Delayed,105.0
694.9762457157664,748,758,50.511102506373895,0,0,0,137,77.288664210848,90.46822323320609,Normal,72.09,Delayed,86.0
655.4416469075745,790,587,62.13397184384741,0,9,0,14,59.562149022531514,54.808226246288726,Good,60.99,Delayed,74.0
232.0266163659542,129,370,78.34159231773518,0,3,0,47,83.51140326169127,85.7627838125937,Poor,56.12,At-Risk,66.0
715.0574291340605,902,350,18.898625587657186,0,1,0,85,96.36329328483106,82.12168524432238,Normal,55.18,At-Risk,70.0
244.87659662183208,98,779,90.06868297158097,0,3,0,148,81.33962290764553,46.94543392135209,Good,46.97,At-Risk,49.0
332.14570117767505,338,770,11.107873271446802,1,0,0,115,64.3422770959378,30.707604267172755,Normal,92.23,Delayed,109.0
749.0264910668438,589,458,43.30471012068297,1,1,0,49,54.400742924714244,46.54739193037939,Good,65.68,Delayed,80.0
653.1365700567425,919,189,12.467827897539188,0,7,0,140,13.606217771344,84.35956381976982,Normal,94.84,Delayed,116.0
850.7311763892361,366,711,45.36768028107621,1,5,0,68,98.58897809326372,30.486928223745313,Good,84.78,Delayed,109.0
661.03676337734,619,416,57.32313389859914,1,1,1,3,44.51330103175383,57.19927112719744,Poor,92.84,Delayed,109.0
572.6255173021169,276,675,56.051324792336054,0,5,0,77,23.700539252518013,82.54870731646727,Normal,80.22,Delayed,104.0
102.73802014981155,626,205,24.906551232543883,0,9,0,8,70.0037969856811,41.81297276155409,Good,70.61,Delayed,81.0
374.0386450288392,961,475,68.11664590860511,0,8,0,120,35.58594601859134,67.79886733024276,Normal,88.39,Delayed,113.0
272.5503440049082,332,320,14.03006054542014,1,6,1,114,62.72004438379429,32.10684166439331,Good,97.29,Delayed,121.0
251.54974694529275,644,271,78.57161381191739,0,8,0,100,62.80911170601321,19.835150083134394,Poor,92.38,Delayed,106.0
973.2804492049211,997,428,95.19799905941916,0,4,0,148,50.11568388125823,81.49458025835708,Normal,68.09,Delayed,83.0
399.1667474200928,550,415,40.57919444360061,0,6,0,145,85.25067539905383,18.907176106783616,Normal,91.78,Delayed,110.0
893.1260896253422,658,152,56.551544354289874,1,6,0,96,33.847035539989875,34.42432555716262,Good,91.67,Delayed,113.0
634.8272397372903,204,351,44.1019250252933,1,2,0,80,50.37693324559608,86.9598479797696,Poor,80.21,Delayed,95.0
796.863190506232,930,325,10.603935127365396,1,6,1,42,58.392291573187435,41.18223583708004,Normal,96.17,Delayed,114.0
507.61072217414016,747,110,44.72870526056043,1,0,1,94,69.72622486905696,97.5740814562745,Good,76.44,Delayed,99.0
581.1348457800955,341,253,81.25482333352119,1,8,0,5,80.55746654550305,98.17609012964738,Good,62.88,Delayed,75.0
497.59251688067525,179,499,63.63899579651336,1,9,0,66,45.53265545904304,34.144841840820106,Good,94.87,Delayed,118.0
203.29055792006406,530,21,19.113392315364305,1,5,0,139,68.14422496869363,13.68804000249014,Poor,98.22,Delayed,117.0
725.2275941088902,472,248,86.24255407244065,1,4,0,99,23.55498577616672,73.45569557848413,Good,75.44,Delayed,99.0
287.96463881644723,49,570,57.79768103967186,0,6,0,11,93.93832904882308,50.58878523835094,Normal,51.45,At-Risk,58.0
34.0728067671393,546,51,85.75510255702085,0,4,0,65,44.47529257789032,19.067755956361864,Good,53.11,At-Risk,61.0
649.0175729480961,270,687,62.219936690652645,0,9,1,1,75.65692797787946,73.67705370802386,Good,74.16,Delayed,97.0
185.33957261297846,404,603,60.37196003541459,0,4,1,142,11.830697369395988,12.80574182007291,Normal,96.1,Delayed,113.0
941.0539985093851,964,438,19.473326667731115,0,9,0,80,28.466842861432628,88.31770214430179,Poor,97.12,Delayed,125.0
954.3892912325615,235,167,25.062375982476517,0,6,0,134,53.83742898912202,22.478727620197333,Normal,91.97,Delayed,115.0
915.715746318244,993,225,97.4822730846932,1,9,0,141,89.04272209591119,21.458069087205253,Poor,98.33,Delayed,117.0
376.45711325288994,133,679,30.56380720792937,1,6,0,69,57.452963495560944,25.81050681717261,Normal,94.74,Delayed,105.0
25.302050363578754,984,471,97.97069061913311,1,2,0,114,93.6883434064491,96.423972264286,Good,50.1,At-Risk,60.0
929.0353769618481,47,143,57.8721435871837,0,2,0,87,53.54172069245167,72.38524242284615,Good,59.86,At-Risk,72.0
433.9023068341412,337,76,22.221014235754343,0,9,1,5,54.140418706235494,82.1234381917273,Normal,91.3,Delayed,115.0
966.9882708532328,260,16,18.937198247832363,0,2,0,26,20.77721096504787,45.78714871594777,Poor,74.86,Delayed,98.0
963.9837773183604,910,535,28.797766363516597,0,5,0,81,82.23906197369978,40.268145475446005,Poor,92.61,Delayed,108.0
854.4793609126865,185,82,93.30735970228022,0,5,0,87,32.22688712203562,31.103560610485296,Good,75.99,Delayed,95.0
301.5044031488898,611,408,47.27352018954041,0,2,0,119,90.96512404350835,53.2583225481168,Good,55.14,At-Risk,70.0
391.246751315906,923,414,45.58908411936229,1,2,0,23,91.97417982973565,59.66458601807516,Good,52.84,At-Risk,69.0
852.6253048016883,463,684,38.188563496315666,1,7,0,101,94.89791006867347,66.859735928748,Poor,95.26,Delayed,117.0
323.75278510471486,46,587,23.235566550992957,0,7,0,33,56.8207440192781,33.140665359882505,Poor,89.24,Delayed,97.0
177.79781921923157,325,139,53.90660774731658,0,6,0,46,70.93844063052799,95.37886728126915,Normal,72.98,Delayed,87.0
561.2332498337666,697,475,21.704300426002483,0,9,0,23,80.06642920554971,25.278264838642226,Good,81.78,Delayed,92.0
936.7932264191732,982,215,85.19322127440948,0,3,1,64,21.791315678541906,96.90878572897711,Normal,76.72,Delayed,91.0
699.0694987082233,805,797,43.335728764777585,1,3,0,17,64.08614754977475,11.337051025675342,Normal,88.77,Delayed,111.0
574.3605583884713,974,777,43.73232110036167,0,2,0,43,13.086811117298051,53.3013122635161,Good,55.99,At-Risk,69.0
106.20472883306086,982,275,52.66057856348403,0,4,0,75,54.78094750498533,40.00310543049065,Normal,81.69,Delayed,104.0
618.857154432178,602,546,49.971494184917645,0,2,0,56,23.935841345820467,50.421107253722575,Good,53.56,At-Risk,66.0
990.1533116032207,123,262,99.53721757533894,0,7,0,106,26.463063336587624,61.359812108271015,Good,71.34,Delayed,79.0
148.6831750841588,49,298,59.084300909647226,0,6,1,123,42.85428100233414,49.203024221143814,Poor,94.8,Delayed,101.0
523.1463558400993,310,173,17.938153341088363,1,2,1,138,48.91934500448527,47.33621652714355,Normal,97.02,Delayed,117.0
878.5993412086759,233,104,64.6189607419237,0,8,0,115,66.08551820789685,75.9451073871976,Normal,82.1,Delayed,97.0
743.3609315766624,327,791,23.642586358289194,0,4,0,92,16.69855765946641,71.72886475778182,Normal,89.85,Delayed,103.0
700.0455835853153,358,119,12.784388025820778,0,8,0,41,55.332258511370014,84.99441538322631,Good,71.63,Delayed,77.0
705.4592431472382,124,345,97.36679383095233,0,6,0,27,26.4362617227791,32.4963083115546,Normal,57.15,At-Risk,65.0
365.89623970755764,707,247,79.61850023811076,1,6,1,122,61.65776575285677,64.85756587786572,Normal,98.0,Delayed,117.0
300.6559258218484,332,390,98.20980931723902,0,5,0,23,67.36641510350651,62.667530685356844,Normal,53.23,At-Risk,67.0
811.2675439237285,577,445,53.00906032200182,0,1,0,135,60.10383308975685,43.27640297854199,Normal,55.15,At-Risk,67.0
812.012260732389,49,492,57.90317780340785,0,8,0,105,76.44659594304768,53.745178771241285,Good,68.03,Delayed,90.0
868.4015953943026,875,34,25.150326032721722,0,5,0,117,40.204831981681124,38.24039289751559,Good,75.84,Delayed,86.0
914.1081470309066,49,662,32.221668400082706,0,7,1,52,78.85959324698177,22.765995785528666,Normal,85.25,Delayed,107.0
516.2289748723284,868,126,85.46942934125454,0,0,0,131,48.94903735373743,29.242108959645954,Good,27.07,On-Time,33.0
506.5011317403276,982,491,42.056708240583475,0,4,1,99,53.576604849033714,19.496228176108097,Normal,91.96,Delayed,114.0
800.3122271771074,758,401,84.4133476416777,1,0,0,4,68.32919145349643,71.47626176711117,Good,25.44,On-Time,28.0
653.4642914699875,298,546,73.81123518583286,0,9,1,48,11.652254559930157,69.46546537982363,Good,87.68,Delayed,111.0
704.9472084851263,271,88,25.945383274467893,1,7,0,97,68.85947992782235,95.55457344218856,Good,82.79,Delayed,101.0
797.83474274174,225,589,55.670172950776795,0,7,0,29,65.67266341649038,75.67105722825171,Poor,78.08,Delayed,90.0
891.1052883993906,156,182,70.96485893668452,1,0,1,71,37.88624050779519,14.68412548805183,Good,78.41,Delayed,94.0
344.61520528302043,345,21,31.15334933234426,1,8,0,102,17.721485640954054,89.58206565360588,Normal,98.04,Delayed,116.0
381.8271231135446,177,137,84.76196594680692,0,1,0,62,18.184190492173705,87.64076466511531,Normal,57.08,At-Risk,71.0
103.04212044246032,101,617,59.03448917906681,1,8,0,25,93.09013722867057,49.89882886954288,Good,79.32,Delayed,89.0
582.4973395862122,362,101,24.871784539834287,0,0,0,36,72.03513891032534,62.72767454751294,Normal,44.2,At-Risk,53.0
45.582851058774665,580,662,62.46859835481422,1,9,0,6,21.439235239366635,97.8470499225267,Normal,94.64,Delayed,116.0
470.94203795113555,580,552,99.97424237403226,0,8,1,126,42.105085237801575,57.90739274633496,Normal,88.6,Delayed,106.0
547.2181883605009,825,541,23.54693424970722,0,3,0,91,63.32346945114368,91.47896455384807,Poor,75.29,Delayed,97.0
293.67583960700154,690,667,83.50812371075753,0,8,0,102,85.20145345815838,17.47348820291678,Good,74.05,Delayed,93.0
594.9249279633207,790,456,28.657810286880217,1,6,1,52,13.929483584170768,27.194668183781456,Good,98.41,Delayed,118.0
40.195247439658935,372,399,80.41494965140785,0,5,0,131,31.296981832300798,49.66794490971861,Poor,88.59,Delayed,107.0
46.974706861722275,566,681,76.11201308092718,0,4,1,107,90.0774091265842,62.628112750357424,Good,68.74,Delayed,84.0
824.3745550530617,354,52,37.04404470403891,1,8,1,111,10.824899516543484,83.46050666765203,Normal,97.92,Delayed,120.0
366.58873499715025,702,263,39.324080580800484,1,1,0,6,28.125919251449865,98.94359036288682,Normal,76.57,Delayed,83.0
135.78990752536595,179,139,81.32692527666272,0,1,0,66,96.31217583756694,44.99663468267048,Good,30.77,At-Risk,35.0
527.0208274542563,365,69,51.53009606985814,0,8,0,107,65.2061661869954,14.267407252607644,Normal,92.31,Delayed,103.0
772.2936175676248,200,672,75.77362258406279,0,2,0,110,33.55042299737558,82.10543529657923,Good,44.3,At-Risk,60.0
223.66281722187475,676,476,23.318573262925128,0,7,1,147,16.029198495626282,64.39426471745273,Good,95.56,Delayed,114.0
626.6615710608103,431,296,86.73020037113982,0,8,0,82,12.537220640249995,27.86885729813815,Good,73.05,Delayed,87.0
94.49399034383032,709,526,73.97962450140872,1,7,0,123,32.027057167323456,54.53456109592781,Poor,97.33,Delayed,121.0
61.16490395692162,16,476,91.62485279513506,0,3,0,138,89.33372376300194,76.80792209803519,Good,27.63,On-Time,35.0
536.0410852524665,142,787,21.91351411314752,0,0,1,103,47.43222888677585,79.33706083617794,Normal,73.18,Delayed,82.0
545.2287703940054,756,354,63.37130503245379,0,3,0,66,74.83000322493938,54.96565707988858,Poor,68.49,Delayed,82.0
641.0556024832244,566,651,63.92085265362927,0,8,0,6,92.64565318419619,37.469307711597324,Normal,62.57,Delayed,73.0
728.8304203854349,835,391,41.811466649210416,0,1,0,109,46.723641544253496,97.63683238346442,Normal,63.0,Delayed,67.0
976.0935586679093,770,788,51.2619782112332,0,2,1,33,27.214963393365736,69.70263498608435,Normal,79.44,Delayed,92.0
521.1373448181834,40,699,13.418340696086812,0,9,0,105,56.54061377712275,46.74137674116688,Good,87.89,Delayed,105.0
329.7269082118335,544,262,77.12740347643108,1,7,0,146,91.7275318353869,35.24169017841872,Normal,93.24,Delayed,111.0
797.2343328210167,435,65,59.43902314628566,0,5,0,57,82.39369727239306,75.7992684703206,Normal,62.7,Delayed,68.0
278.12392874945346,403,472,15.19669466822564,1,7,0,8,15.92468590268384,31.796510103439093,Poor,95.73,Delayed,121.0
444.58170649857976,681,466,71.2680303664437,1,6,0,47,72.33155200698236,25.453899007631936,Poor,92.17,Delayed,110.0
87.67181752884329,372,92,52.01038695080691,0,4,1,114,61.470777021305835,57.68505000658632,Poor,93.22,Delayed,112.0
35.09723598130294,446,108,13.10151334825,1,8,0,40,91.6716858711783,36.09886533797277,Poor,93.78,Delayed,115.0
963.0219305311458,679,158,97.26469541632858,0,3,0,47,21.02332751652675,66.60146304312536,Normal,62.72,Delayed,71.0
837.6203193070837,560,338,95.42009287804964,0,5,0,24,58.0632501884191,20.614480738681014,Normal,50.0,At-Risk,62.0
699.014464032761,936,165,56.16121745324778,1,1,0,115,89.1516424160703,68.94469941105893,Poor,87.28,Delayed,103.0
414.86341497012717,91,199,18.430517863531918,0,1,1,77,46.90214080675687,35.4966875197932,Good,81.4,Delayed,93.0
181.5613768701373,365,503,77.91590994387326,0,1,0,107,53.379542595958036,10.021864099106146,Poor,81.14,Delayed,100.0
164.8726722443752,267,272,54.27379900951561,1,9,0,24,16.341460990026246,21.424245190675876,Normal,95.11,Delayed,122.0
257.74046918294937,727,89,37.22027304604419,0,6,0,146,35.03292764040197,94.02538400515847,Normal,89.51,Delayed,111.0
553.7343980590592,598,409,54.22763597757011,0,1,0,38,39.20559842520526,88.06191752038221,Normal,56.13,At-Risk,72.0
717.4499634730618,998,773,57.0199730864918,1,1,0,118,95.06102038703982,31.024812883261315,Poor,91.23,Delayed,107.0
663.595402950554,533,618,60.64405291201053,0,8,0,78,35.44006244870431,80.05347140909421,Good,72.74,Delayed,79.0
287.1345579764834,304,269,49.710134228979385,0,6,0,79,51.47818617426868,64.77144338565768,Normal,74.62,Delayed,97.0
955.3166278565621,971,781,64.51797728251509,0,2,0,26,70.41739812078518,97.38142403048825,Normal,24.47,On-Time,40.0
740.5179475288109,233,624,92.68612395457396,0,2,0,103,24.596503516708964,43.62450935806532,Good,52.57,At-Risk,71.0
558.8105119862867,534,561,42.604127838873204,0,6,0,73,53.7798148427687,71.33145512654542,Normal,79.55,Delayed,94.0
615.6035387720087,55,794,75.31448168979541,1,4,1,67,76.46851355283168,15.718215018152673,Normal,92.5,Delayed,105.0
425.40406180351204,676,110,90.5007301141809,0,9,0,146,88.01696917243595,45.66226121347653,Normal,88.67,Delayed,101.0
255.25367960614588,122,368,51.03813481839432,0,5,1,27,66.3633347196184,96.74358950693625,Good,69.72,Delayed,75.0
362.41295186474895,242,389,49.91102527437137,1,7,0,122,70.21481637852531,58.50827870051085,Normal,92.84,Delayed,111.0
760.2676493597254,26,230,64.19052868193016,1,8,0,137,21.365512532611206,35.90915530013601,Normal,97.54,Delayed,125.0
24.24955374345831,369,429,63.22660834802393,0,0,0,82,95.11988475217125,20.824386681574616,Normal,42.53,At-Risk,50.0
124.91191410184707,232,133,82.59304080936494,0,2,0,29,21.931666973603413,73.31755061633774,Good,38.54,At-Risk,48.0
55.54261560153522,875,431,52.883504540046346,0,6,0,21,79.72056434636185,68.03704390867541,Poor,64.67,Delayed,84.0
50.32151429578043,709,240,99.6510654675497,0,5,1,2,33.83346896004869,43.65448422433972,Normal,73.41,Delayed,86.0
856.9059781708971,457,699,15.35244119805527,0,6,0,100,94.02338293311264,95.58472166792508,Normal,68.42,Delayed,92.0
706.6212807862235,865,72,10.285106372263156,0,7,0,104,74.79635854325316,11.998253168906528,Normal,92.33,Delayed,121.0
479.4320907964519,374,494,67.61784804036614,1,5,0,1,77.8432341680532,37.335146646864324,Good,66.48,Delayed,79.0
106.85581904449147,684,637,36.859142112568904,1,2,0,53,29.7153255753895,92.89625376696233,Normal,80.52,Delayed,94.0
496.699716365664,335,712,31.634414982953544,0,1,0,5,49.87359789716447,38.88418944874964,Normal,42.45,At-Risk,54.0
478.73705307276003,476,583,38.07091720038524,0,6,0,106,65.60318751303578,32.702755046965336,Normal,89.87,Delayed,106.0
181.46985121091504,423,777,33.04428085944589,0,0,1,122,79.29762563859408,58.07983689381226,Normal,79.76,Delayed,90.0
439.5131327455933,464,492,12.771104469440306,0,2,1,1,19.356343832115062,84.14215749284841,Normal,75.79,Delayed,97.0
404.5196870533997,595,528,97.43797381515299,0,3,0,110,96.61287848090755,19.283208479052497,Good,45.98,At-Risk,61.0
619.6915970716943,242,164,29.867093960750356,1,0,0,1,90.11986034991004,94.87186386811625,Normal,70.88,Delayed,86.0
638.7427143589673,233,101,76.06267863303756,0,4,1,92,34.331373144602594,81.55655930630476,Good,80.18,Delayed,90.0
54.85096967432407,840,535,78.63367552247577,0,9,1,100,84.04842187290988,26.312522999639675,Good,92.33,Delayed,105.0
380.8664884802065,421,464,93.63316582065063,1,2,0,96,56.64915307358411,74.08071650783464,Poor,85.01,Delayed,103.0
629.601316557094,581,750,12.749451138404197,0,1,1,110,51.562583340581675,44.646285037380146,Normal,90.21,Delayed,106.0
508.10489599428684,344,607,88.48435046023069,0,2,0,5,38.29906952302649,46.206521026868685,Normal,22.44,On-Time,25.0
857.924942776439,231,654,57.45035627558202,0,7,1,126,62.28717279684332,80.49610831949798,Normal,90.33,Delayed,114.0
662.1066953027556,46,519,66.92896989692451,0,5,0,103,75.6900205933238,96.6506327182659,Poor,69.48,Delayed,87.0
171.3050828106154,998,192,68.00232494089303,1,6,0,146,46.983961446648244,21.39902855624745,Normal,93.32,Delayed,119.0
79.86305992642555,287,395,83.78180244862548,0,5,1,0,66.62972737074628,47.856721319093744,Normal,56.63,At-Risk,63.0
645.9950854242525,205,583,40.00665899431995,0,5,0,32,72.93816290397734,53.28474472758732,Good,35.86,At-Risk,41.0
36.24619743620559,925,740,75.9746070873994,0,2,0,39,74.00096353137573,43.868063525949786,Poor,59.29,At-Risk,75.0
589.9178254607286,873,414,57.57202987499774,1,7,0,31,14.676948831806222,42.68702113446025,Poor,96.83,Delayed,118.0
940.8279390107081,493,255,81.4054612874813,0,6,1,16,87.37730251165603,14.704180080543688,Poor,88.41,Delayed,114.0
579.7194360971201,251,751,99.14914294931201,0,6,1,125,51.24279832885431,71.6984758506361,Good,81.45,Delayed,100.0
394.2882269444567,333,600,28.05859156633851,0,5,0,7,33.6174473526593,49.259297540804084,Good,53.78,At-Risk,74.0
646.8553362579296,740,670,99.51837774039981,0,4,0,56,31.75880567317134,27.53144223795341,Good,36.25,At-Risk,46.0
463.6703615866015,201,659,18.08309388544966,0,9,1,41,53.471270155955544,83.44301520718615,Good,81.26,Delayed,103.0
550.1606214227755,26,480,10.208579311433247,0,7,0,97,89.81483855220633,82.23046733364652,Poor,82.31,Delayed,97.0
942.0501606887599,533,432,13.974574256004814,0,4,0,136,44.051282351438225,53.775246528000444,Good,79.94,Delayed,96.0
392.2416114227665,927,74,40.76041642630855,0,8,0,119,77.4753172105189,36.86055950329845,Good,85.2,Delayed,107.0
961.5786581856751,410,22,66.96156976105908,1,8,0,86,18.713685788849673,67.42834532168072,Good,88.71,Delayed,115.0
906.2971355365031,915,222,16.21265867990647,0,0,0,53,52.84510319359556,35.933692219966275,Good,55.84,At-Risk,71.0
203.83322344140348,895,251,10.509923307661055,0,5,0,83,99.25175263534621,31.240713729134082,Good,72.8,Delayed,87.0
78.6676878664138,714,502,94.33819256129154,0,6,0,24,79.33940225131033,75.74631886236939,Normal,49.09,At-Risk,66.0
109.77022136365238,31,222,83.97339723459366,1,2,1,66,28.94756395965517,13.629271574885564,Normal,91.7,Delayed,99.0
28.03960739503423,483,702,82.82648540251279,0,6,0,45,55.129732632811965,18.529162393113456,Good,49.21,At-Risk,52.0
103.49853114836911,129,347,89.59818479517794,1,6,0,21,31.026228728370988,10.61093566212308,Normal,86.09,Delayed,107.0
686.1767056821933,219,182,73.00308454948939,1,1,0,138,46.86048345362583,23.764886782788352,Normal,86.92,Delayed,104.0
80.4767619756267,315,681,19.39637167732733,0,6,0,7,80.20756213614683,16.209100783941352,Good,60.45,Delayed,76.0
325.7858739908237,279,173,45.919016926635074,1,0,0,38,79.41023337613633,99.62221310019267,Normal,63.55,Delayed,77.0
846.42655785976,713,474,75.08345378181666,0,4,1,48,30.529034011214662,35.99289729586806,Normal,87.02,Delayed,107.0
33.03921637846761,696,506,35.23010147123688,0,8,0,45,93.00009863393741,23.434121140232257,Normal,77.75,Delayed,89.0
816.3237977630464,294,709,71.86657277226138,1,6,1,37,63.331136448834414,31.689663219632614,Normal,92.16,Delayed,113.0
289.03622702566594,725,404,12.204860344088711,1,6,0,135,44.19318618658131,94.25130143861212,Good,95.05,Delayed,119.0
126.9831793454397,685,712,37.552360679163385,0,1,0,53,55.174202270277455,56.81442007219561,Poor,69.25,Delayed,89.0
699.7697937105091,772,317,59.42173026494554,0,7,0,91,64.45641280939694,42.83362866770712,Poor,91.7,Delayed,120.0
632.6534183120851,236,777,66.88808465556181,0,2,1,39,60.390147866120685,88.60523121182975,Poor,74.26,Delayed,90.0
878.6972933917824,957,192,61.93365980157198,1,7,1,33,53.776453198256036,45.54912434941292,Good,95.5,Delayed,116.0
737.720333365847,390,638,72.79806484660865,0,2,0,95,55.44395236804601,40.150771296192616,Poor,64.02,Delayed,69.0
805.4461210810001,469,519,10.547987341585516,0,9,0,78,25.877071938509758,28.6554270294762,Poor,97.08,Delayed,114.0
289.21422684559343,16,717,19.084707997976935,0,6,0,126,83.14596138742114,44.00171415184703,Poor,86.86,Delayed,103.0
185.6651483419256,38,555,88.20498270512306,0,1,0,16,58.75842879469138,38.50159204152334,Good,21.35,On-Time,31.0
753.1086041244497,916,573,71.35737796811452,1,3,0,109,21.797187553423278,70.95735633683269,Normal,83.45,Delayed,97.0
808.7663918745914,42,633,20.163847841741017,0,5,1,51,78.95413914245002,36.06244342036544,Poor,91.38,Delayed,114.0
990.6000905806666,655,773,85.78669936587212,1,8,1,117,93.91995805396158,61.94797717803053,Normal,94.93,Delayed,114.0
418.4915001423122,888,603,31.80080960421102,0,4,0,8,95.25762093132658,15.930294852877545,Normal,56.41,At-Risk,67.0
378.29790493485535,88,753,53.04338957757011,1,8,1,32,43.211595917005546,27.216024102686294,Poor,96.26,Delayed,117.0
778.6488311345769,937,236,23.067686159619427,0,4,0,112,22.196518620467863,46.666474445021386,Normal,88.46,Delayed,104.0
347.39550485048767,956,754,73.9099050779536,0,9,0,148,56.65596639697586,94.3254328517826,Normal,92.93,Delayed,109.0
931.449752347529,468,742,70.0168978912841,0,7,0,84,20.13483064142986,43.952678714412585,Normal,86.1,Delayed,95.0
859.8286243245817,579,445,29.000122404952258,0,0,0,9,94.05886766613555,69.76667090798507,Poor,52.21,At-Risk,61.0
434.70408710126816,992,431,87.70606901713016,0,6,1,5,26.52216646196314,32.957850017925836,Good,82.31,Delayed,96.0
753.3623571135824,547,563,46.1175421797741,1,3,0,114,32.74892739560477,21.433021837590857,Normal,94.18,Delayed,110.0
756.9974453438356,491,30,36.32635819636676,0,4,0,120,46.59728741964734,15.268294007204512,Normal,85.67,Delayed,105.0
112.09263014757329,439,563,23.709663051808192,0,5,0,140,44.48480217032132,37.48721486884762,Normal,92.8,Delayed,115.0
903.527377612771,747,406,33.95512112639837,0,4,0,64,81.51966031581001,24.189492411721716,Normal,71.33,Delayed,87.0
510.1998487233786,294,634,11.98242291014353,0,0,0,19,51.06851384958661,25.66094032145118,Poor,66.19,Delayed,84.0
828.1928914466642,525,114,62.493174321050404,0,8,0,56,25.36914340030032,78.4683377548255,Poor,83.37,Delayed,103.0
326.8491050203056,986,201,85.80076717095531,1,1,0,45,34.04889059374667,11.42542638503868,Good,72.79,Delayed,86.0
896.5679962112384,108,26,59.408240449747765,1,8,1,135,55.82020466687698,60.2029113161891,Normal,97.58,Delayed,115.0
395.3096619468215,406,129,29.734656573148815,0,9,1,9,23.27085256835214,44.15152425341183,Good,90.85,Delayed,111.0
20.729274965495378,498,402,13.030226039248545,0,1,0,112,65.04901080814128,55.58949999176925,Good,56.83,At-Risk,71.0
906.328156655071,48,434,29.316526593292256,0,8,1,138,60.91725758960313,60.65472134931426,Normal,96.23,Delayed,122.0
100.37381001827222,280,138,47.45092852639831,0,5,0,11,74.32320847440319,38.20309250115504,Poor,67.05,Delayed,86.0
326.12050121451074,896,139,78.36502858298168,0,8,0,137,94.3934153841431,36.559797416585674,Poor,91.13,Delayed,107.0
950.5613473802969,806,581,26.90585672839967,0,5,0,10,92.10291049910401,76.00616644014151,Good,54.12,At-Risk,64.0
951.1010754681805,166,569,74.78123080192175,0,5,0,117,95.14680562619482,88.41492893090414,Good,56.09,At-Risk,71.0
577.7035092420532,84,38,88.02401215166952,0,1,0,38,32.02440373213308,27.332346921267508,Normal,42.28,At-Risk,56.0
635.5188400481013,893,106,50.85521632975214,1,7,1,52,21.840877597541915,18.785688448163405,Normal,96.14,Delayed,120.0
453.96106675853656,809,19,83.9288792478334,0,2,0,55,37.204903044680364,90.80162257528234,Good,60.13,Delayed,72.0
300.27866398108387,139,251,59.919161323158605,0,6,0,103,90.55766554896832,41.49059172826588,Poor,90.23,Delayed,102.0
335.3778999162168,696,241,67.33817533728146,0,4,0,128,97.48481271611394,59.61856515965327,Poor,83.98,Delayed,96.0
675.7932715162681,983,798,57.365061430438246,0,2,1,55,87.33924559634283,42.35888300680031,Normal,66.76,Delayed,81.0
754.8507841433033,93,293,51.685544507620754,1,0,0,117,19.901594901478923,21.32221027114462,Poor,91.99,Delayed,112.0
793.66325328859,31,724,31.11880975982644,1,7,0,131,95.26851982538139,63.03984804529552,Good,86.64,Delayed,98.0
791.7219613666083,468,768,37.28746535149415,1,2,0,29,48.10222246157074,57.26267665926667,Normal,85.46,Delayed,103.0
100.29404201820347,548,785,36.09731070492481,0,1,0,11,10.837926168611832,28.26942032720775,Normal,65.94,Delayed,82.0
499.4761016555557,716,735,60.696003785843324,1,0,0,34,49.81543666733742,50.66821401870501,Good,49.42,At-Risk,54.0
66.98317241647784,858,209,20.795832372150095,0,3,1,76,14.146225270792083,81.72527536140812,Poor,93.55,Delayed,118.0
554.0335935004982,391,88,92.51125216321016,1,7,0,101,58.94901290450058,63.13834927971022,Normal,92.66,Delayed,109.0
447.1151963596432,757,182,74.85896307548019,0,2,0,86,40.469862469334615,18.722559436029535,Normal,79.41,Delayed,102.0
888.8271409307167,449,476,46.130106782187426,1,0,0,51,52.60914402346439,59.321934750622155,Good,72.39,Delayed,84.0
357.4058624265579,613,590,24.276173007374016,1,3,1,79,65.18533246688054,73.24644693606282,Good,92.42,Delayed,106.0
125.8963462633298,998,425,89.37929527494722,1,8,0,134,88.19209862360383,81.34330652026762,Good,86.15,Delayed,101.0
151.5617652323075,30,458,84.14002810910488,0,0,0,21,69.57114188247357,66.62058207708401,Normal,7.77,On-Time,9.0
763.8955254002975,312,96,74.95493974454614,0,1,1,74,49.06439816303626,23.73923480867054,Normal,76.08,Delayed,89.0
622.0358826830984,985,110,34.43923426701181,1,8,0,57,83.74850683033286,73.91559399311447,Good,87.72,Delayed,104.0
110.11144936156234,878,17,46.2201973690302,0,1,0,92,91.5023923815819,70.96076614733647,Normal,56.61,At-Risk,70.0
93.26573805384746,964,209,19.247342720718102,1,2,0,102,20.77839697889775,12.19841946465699,Normal,95.3,Delayed,114.0
703.9594401445288,93,514,27.013557225477854,0,6,0,139,57.87396797975123,47.057290083121885,Normal,84.57,Delayed,101.0
82.03537630055159,783,96,80.47149735850596,0,2,0,6,35.60607637681997,39.9655222266136,Normal,50.97,At-Risk,53.0
823.6414586974527,668,52,74.35348469656154,1,8,0,127,14.235507808925266,70.24708578282791,Poor,98.34,Delayed,120.0
709.1798048849313,962,394,63.413718667834125,0,5,0,54,70.16920256025868,29.452223107982864,Normal,75.77,Delayed,90.0
90.53529283548076,462,630,90.61540533335555,0,2,0,105,87.6493699713303,63.178473067683264,Normal,56.91,At-Risk,76.0
93.98933694434,396,444,62.493986603174086,0,8,0,61,24.661238902965465,92.1885365632755,Good,76.52,Delayed,87.0
986.7731827161637,516,417,52.02711999672496,0,0,0,89,83.11722918615105,81.80221349877469,Good,30.64,At-Risk,28.0
380.5280877985591,266,492,40.63336716751864,1,9,0,97,86.80561601832474,92.93119625948773,Good,89.37,Delayed,110.0
376.935725596222,579,673,94.64036551625553,0,2,1,76,92.29063983998351,98.0655370239421,Normal,54.99,At-Risk,68.0
814.6715715849275,901,26,17.444391537191812,1,0,0,118,33.87565801774472,10.960311430554649,Good,89.52,Delayed,102.0
947.7760916100201,943,654,93.77986348547276,1,1,1,35,91.35577586709003,66.04671487397297,Good,65.89,Delayed,71.0
986.1410531846421,536,157,84.40431939379165,0,7,0,88,38.8596479262789,47.15554579830158,Normal,84.61,Delayed,109.0
755.8444034063522,171,286,21.693693208213116,1,6,0,144,59.71042121099526,87.38690413016096,Good,96.15,Delayed,122.0
382.4969896756066,966,241,60.84859219077282,0,1,0,129,14.545672374905392,32.66332318082185,Good,83.67,Delayed,88.0
92.66570953168208,172,375,87.98931835741782,0,1,0,140,13.949297953186925,98.29265402035685,Good,50.31,At-Risk,58.0
779.3754467681624,841,237,61.46282472464384,1,8,0,92,74.83358914589826,65.23371725893725,Normal,79.19,Delayed,103.0
562.820207238447,802,660,91.647983940456,0,5,0,113,50.00319801800119,81.41836620059479,Good,69.76,Delayed,81.0
429.97978915450653,801,445,94.86854351344383,0,4,1,27,33.06631378322958,17.703959754049148,Normal,74.42,Delayed,87.0
907.2908412437886,533,408,48.01460699658753,0,9,0,142,27.13721464224192,26.511209628297856,Normal,94.79,Delayed,112.0
120.08550748308983,795,220,43.95822952656913,0,5,0,32,70.29581417732962,78.25633057307829,Normal,61.47,Delayed,68.0
497.6988532479506,280,400,94.26890385722412,0,8,0,19,10.036138962280589,11.978786983539125,Normal,76.06,Delayed,83.0
21.240108319744877,501,508,70.76260550347013,1,6,1,139,82.53020522771688,83.51901873044045,Poor,97.88,Delayed,123.0
473.974035574185,217,549,20.442041321335235,0,9,0,100,17.132464551693595,11.255411682272031,Good,89.53,Delayed,98.0
65.74024292501898,548,572,13.806257430041308,0,9,0,22,27.23406534173075,69.14069551551461,Good,77.75,Delayed,95.0
127.6297371053912,593,500,60.816614589753684,0,8,1,111,44.76127557691807,42.85845282086253,Good,93.08,Delayed,116.0
126.35098430933384,69,451,93.71538688945822,0,3,0,13,53.63728657444933,65.03453674472792,Good,25.95,On-Time,24.0
652.718199094903,439,270,85.98238321652366,0,1,1,90,41.949560423254766,72.64282662902023,Good,63.22,Delayed,71.0
748.5844304727691,994,782,70.82629718179028,0,7,0,76,38.86409484858645,40.822769726767376,Good,70.67,Delayed,91.0
587.535077446188,666,359,22.520426400197877,0,3,0,84,96.75244108658696,19.7166203299752,Normal,68.6,Delayed,85.0
962.5508229897965,614,361,32.8808245373826,0,8,1,108,67.74217131190548,16.268128097343908,Normal,95.86,Delayed,112.0
381.121873728467,318,529,88.79601038973546,0,3,0,30,12.10896598306494,63.00424203062931,Good,42.32,At-Risk,57.0
292.8549654190421,529,329,26.45265129912104,0,7,0,121,48.715831759988184,56.858981836070036,Normal,94.9,Delayed,120.0
869.9131369075657,600,147,35.05954674253911,1,8,1,106,88.75078297695732,76.79809082090193,Good,91.91,Delayed,112.0
231.3598801342581,36,559,21.664058607589777,1,8,0,53,37.131056776960115,55.87619590035434,Good,89.77,Delayed,103.0
963.5903140462052,695,632,70.849740827297,0,9,0,132,18.51007102969494,48.02012110277912,Normal,90.88,Delayed,107.0
22.03292994291818,571,377,94.95840748268887,1,3,0,140,78.2546294430926,45.82784604126078,Good,64.76,Delayed,79.0
970.1800384405626,208,229,34.207122843584735,1,0,0,42,64.54124487424731,12.380221233790072,Good,71.85,Delayed,85.0
52.728312831070355,396,346,52.786594706506634,0,2,1,88,61.32812570438535,40.20014815269914,Normal,84.21,Delayed,106.0
892.2316825610903,358,232,67.0905765740084,0,8,0,114,14.821890364666714,97.84181417720448,Poor,93.78,Delayed,105.0
532.4240979954369,969,657,99.95196233940676,1,3,0,98,22.64491088159656,88.620001860438,Normal,86.46,Delayed,96.0
993.0351481581073,949,777,19.43272584978149,1,4,0,46,66.02944565918024,39.64402603307959,Good,81.72,Delayed,99.0
83.05859908804487,702,369,54.87137195551382,0,6,1,70,28.704145731295224,62.901586455973494,Poor,93.85,Delayed,110.0
558.3157415573075,545,338,44.660810791225,1,4,0,66,55.36630717735819,86.25670709819445,Normal,92.45,Delayed,108.0
969.609510262908,837,472,87.92381487001197,0,3,0,61,59.03935174264541,49.71469030750618,Normal,53.27,At-Risk,55.0
527.8668657284474,387,570,52.83709579104903,1,1,1,108,35.51564712438454,11.616207737513587,Poor,97.62,Delayed,117.0
633.1046517539099,908,391,19.987977212663328,1,1,0,36,95.35826399873436,16.705941563677605,Normal,79.23,Delayed,95.0
698.791202094771,925,599,67.09817307579253,0,3,0,118,85.82176961520176,55.935344921383596,Good,40.51,At-Risk,52.0
459.9956541200955,567,626,79.37025564374918,1,9,0,85,75.01361568695187,97.24954381082905,Normal,82.6,Delayed,99.0
631.2824992832228,536,178,10.259312649905313,0,9,0,125,17.01944797684682,72.3888587996981,Normal,95.71,Delayed,114.0
588.4711688038692,162,226,87.30610168785665,0,8,0,135,19.551701737811747,16.382457229471257,Normal,93.78,Delayed,118.0
902.1464303860791,743,387,26.742070000509905,1,7,0,51,54.350321127846016,27.04247882126765,Normal,95.98,Delayed,109.0
54.99191653804329,215,128,59.686242818804004,0,2,1,90,24.464201427188712,79.4190828895165,Poor,90.76,Delayed,112.0
288.15355769630804,464,199,47.42177506187051,0,8,0,32,98.04389171765267,85.72957839606202,Poor,72.29,Delayed,78.0
950.9073692357931,282,776,74.76884349494773,0,4,0,80,24.26682106246685,65.59251275697318,Poor,87.52,Delayed,101.0
891.3611460520071,903,379,43.404545330716765,0,2,0,41,53.87210519175766,67.99808526668349,Poor,63.61,Delayed,70.0
461.1001852578558,245,787,88.27868590135397,0,4,1,111,42.770895115735485,12.550370534504617,Poor,92.82,Delayed,115.0
623.9312718235213,861,158,75.74467248629112,1,9,0,125,67.54477793086882,84.56772336233577,Good,91.41,Delayed,109.0
284.60737115132133,749,685,68.29418539566294,0,3,0,135,21.61327680004824,80.94476873537467,Good,68.46,Delayed,82.0
196.2399481265237,530,661,81.66165360065689,0,7,0,105,48.728478523815184,33.313162969301246,Normal,89.42,Delayed,102.0
469.0614208905823,687,497,77.86207314355441,0,4,0,124,34.72345295264293,73.78090479689563,Poor,82.23,Delayed,97.0
359.8187057457923,953,779,13.2344807429398,1,9,1,112,89.89763722045193,29.33691457824983,Normal,98.39,Delayed,114.0
587.8195507323634,965,383,45.52609184603453,1,7,1,63,13.652714092122558,13.629714494636168,Normal,98.4,Delayed,120.0
86.957290595335,840,790,93.77265675848409,1,8,0,122,92.23547446058133,28.102288833133954,Good,86.89,Delayed,99.0
974.6508595895049,735,702,21.31518420930036,1,3,0,113,84.96947246977004,26.076598907886954,Good,95.67,Delayed,121.0
986.3486370348069,510,169,76.33868953888461,1,6,0,19,36.78136447967339,40.39731970613625,Normal,88.0,Delayed,97.0
701.1800968795477,126,360,97.71326302017967,0,1,0,15,81.03615892093943,47.66045474579123,Good,12.96,On-Time,12.0
540.7354026806792,395,297,14.697876614047447,0,5,0,144,12.80922043048728,55.76850023479371,Good,86.49,Delayed,112.0
316.4323401234645,353,297,71.39744925639494,0,7,0,18,97.01789952640543,52.90784879574954,Good,29.48,On-Time,33.0
815.6570695098792,593,235,52.133872717092736,1,6,0,119,57.39354483308104,34.360714536876046,Good,88.78,Delayed,100.0
687.8838608283405,404,532,62.12577298372499,1,6,0,135,37.295292345890076,12.625360171666703,Normal,96.45,Delayed,117.0
170.9907699514424,73,531,17.68072028358924,0,7,0,37,42.632489133520934,64.45914600134356,Good,80.13,Delayed,94.0
911.8179126489041,726,792,13.870625668024553,1,6,0,92,15.976481811444764,45.617034686261896,Normal,98.06,Delayed,113.0
824.3118704939372,730,282,70.01799944958296,0,4,0,104,99.04145626378353,36.88049416487947,Good,57.26,At-Risk,63.0
950.3019141590048,81,411,84.09784868386461,0,6,0,99,13.536275063562321,88.0246938547461,Poor,82.63,Delayed,113.0
728.4623133044764,798,192,80.38138014396705,0,9,0,89,68.9416410833073,77.20689770183438,Good,74.3,Delayed,88.0
617.281043976432,283,674,58.94251550796136,0,2,0,43,49.846233493581245,87.1988993535198,Normal,43.65,At-Risk,43.0
424.0606059277127,999,497,18.988013902256036,0,4,1,75,95.40245963698436,54.54845152412149,Normal,92.22,Delayed,118.0
933.4011985204731,329,133,71.92399994524123,0,6,1,144,32.13997662761156,21.78381269140997,Good,91.62,Delayed,113.0
867.4032506054043,347,635,31.769999519873135,0,8,0,78,57.88781415442102,72.65992925091452,Poor,91.51,Delayed,106.0
54.76648340512752,375,799,91.99618324906453,0,1,0,72,53.412058772447764,28.54664019434577,Normal,31.45,At-Risk,33.0
36.103304752279485,504,423,85.44388235911345,1,3,1,139,73.25797996450912,49.71067021825451,Normal,92.77,Delayed,115.0
382.6987332092691,616,734,73.84446703786517,1,6,0,95,16.120920875717847,15.850071005399965,Good,93.71,Delayed,111.0
812.4477974740146,175,181,95.39613602480173,1,0,0,88,27.441021702101935,84.27775621806842,Poor,69.82,Delayed,74.0
987.403368021795,553,297,12.827963936014564,0,1,1,102,29.310833808356485,21.33465769427505,Normal,90.08,Delayed,117.0
158.9127221924929,20,444,76.25803825546858,0,8,1,145,76.43356793575207,91.27877563443788,Good,85.78,Delayed,101.0
598.1894081986138,310,695,39.72185014027648,1,9,1,5,27.022482669406607,87.78075420354014,Good,90.07,Delayed,116.0
387.0819480647113,738,122,91.54592971177287,0,6,1,121,61.6142587501879,51.81244879953215,Poor,95.23,Delayed,121.0
970.2152538364571,810,131,34.000767699577985,0,9,1,115,29.371943845085834,76.99313838735915,Normal,96.79,Delayed,111.0
843.6977339043516,111,553,75.23708493835153,0,6,0,61,87.54624550755806,65.7500566436338,Normal,54.8,At-Risk,71.0
839.9454176640264,434,231,88.98823176857033,0,5,0,143,94.79669090406746,82.27680781039703,Normal,59.45,At-Risk,68.0
474.00622819702056,401,640,13.749113654441418,0,2,0,135,56.66436774480164,48.862459070732086,Normal,85.81,Delayed,94.0
420.6713073142885,788,48,45.78828216328325,0,9,0,88,41.70779957882604,80.7227635819915,Good,92.35,Delayed,109.0
280.6730012113992,223,506,78.60781288197448,0,2,0,95,31.065199751574923,51.621113535863316,Good,57.34,At-Risk,71.0
65.81174168441785,700,789,50.942700055682835,0,1,0,125,14.48029013707394,94.68692090585145,Normal,68.57,Delayed,80.0
866.0751524925026,97,242,34.05273668142358,0,5,0,89,34.165006857774586,53.77348907426328,Poor,92.12,Delayed,109.0
814.7719990387768,562,539,29.782481394087103,0,3,0,85,68.88122019507861,51.63573447403566,Good,60.48,Delayed,78.0
999.7204965532693,410,158,21.83664402247401,0,4,0,137,58.025523817828976,80.65646754071615,Normal,90.22,Delayed,109.0
996.6704687031663,597,406,87.1416603870654,0,2,0,120,94.96371504528346,83.94199225847541,Normal,56.22,At-Risk,63.0
559.8773885466012,898,670,61.78198629264004,0,5,0,75,45.66495362425305,59.90402028890537,Normal,54.88,At-Risk,69.0
771.2975410287054,55,647,16.874645049231038,0,2,0,91,72.4477008095555,26.181803214556787,Poor,75.42,Delayed,91.0
945.3180725836038,681,311,44.43222912135719,0,7,0,69,54.039047272760925,52.09824078618215,Normal,88.02,Delayed,93.0
851.1509167706373,472,369,43.09602857245989,0,8,0,147,56.13185943317905,97.12652526187105,Good,86.12,Delayed,105.0
254.87462072576568,601,247,26.35652716385167,0,3,0,132,34.099688314370574,77.76875737352667,Poor,87.59,Delayed,107.0
456.0386939569926,319,656,49.195686292497165,1,8,0,22,50.94556991577997,83.0046343491219,Normal,86.52,Delayed,104.0
137.86782099998004,95,672,39.88894288538228,0,6,0,136,52.37064973114365,12.95429489373161,Poor,89.33,Delayed,112.0
954.5105169861351,101,245,40.76233349429643,0,2,0,57,73.59782695740405,52.10735163707439,Normal,53.25,At-Risk,61.0
610.1128881063712,669,745,76.51239020091629,0,6,0,45,94.65759992675025,68.19590202917999,Poor,82.73,Delayed,101.0
236.3563774484281,682,212,30.093704695467668,0,0,1,21,39.638914973425386,84.70294152652673,Good,61.13,Delayed,66.0
674.9836775617981,723,265,67.76739629698199,0,2,0,7,13.79804217231686,14.434628822449433,Good,64.73,Delayed,80.0
621.9469580533168,945,607,61.35846614928414,0,5,0,122,54.666561295057576,86.71949970776858,Poor,90.19,Delayed,118.0
364.5810908525121,937,671,61.128326110408054,1,3,0,19,59.001519893425176,59.356084306772054,Good,71.32,Delayed,81.0
122.42201627763274,251,244,69.67066115275983,0,6,0,77,25.159649601872374,27.758257351845394,Good,84.11,Delayed,97.0
674.8574636368716,874,354,59.35438325760886,0,2,0,38,78.441814564846,38.552969480472996,Normal,54.39,At-Risk,62.0
525.1046238947554,11,543,89.13296033617462,0,0,0,36,98.64361975973425,35.37365965764047,Poor,25.95,On-Time,32.0
774.5952078182829,234,790,70.80220827552338,1,8,0,74,95.11972453076149,57.777313085962824,Good,85.8,Delayed,98.0
524.9618661008734,810,475,59.22669262342493,0,5,0,117,27.739543494128696,14.651711192001864,Poor,95.76,Delayed,117.0
853.6596853153547,754,779,84.67868082588804,1,7,0,103,88.78269159106847,24.268254264993118,Normal,89.8,Delayed,112.0
556.3877703867407,982,550,64.55319084401317,0,2,0,30,73.40442727705162,83.14237390382041,Normal,36.1,At-Risk,46.0
565.3285918200324,935,222,36.20298230066611,1,7,0,122,50.84619074262204,21.934359167212996,Poor,98.48,Delayed,109.0
877.8870666317616,938,472,28.638542635891408,1,1,1,53,58.65498948922561,31.005664251231426,Normal,93.96,Delayed,118.0
409.44803755027306,598,445,23.70950070964109,0,3,0,33,86.46401574842123,50.803354504374155,Good,54.88,At-Risk,71.0
142.67507616613432,125,292,90.95096912914914,0,2,0,121,53.212144567453585,56.54087993019974,Good,33.74,At-Risk,45.0
38.494849550205586,675,571,73.91218886182592,0,9,0,112,43.58866321946142,78.72494316527428,Normal,93.58,Delayed,114.0
757.5858831168828,927,616,94.36405943478887,0,0,0,61,54.392274372338726,50.2599183999569,Normal,34.75,At-Risk,43.0
624.10645583993,112,472,64.29626251434487,1,6,1,22,62.12168236315442,81.0878158931985,Poor,92.25,Delayed,116.0
707.0389704182313,203,416,52.60607933454213,0,9,0,45,27.016988840051397,65.65116763409117,Normal,80.98,Delayed,107.0
220.83451989382164,175,97,15.37448400738004,0,1,1,55,91.08169572402916,20.17897654814402,Normal,88.98,Delayed,102.0
145.00776083090207,880,53,70.44780533914269,0,3,0,134,70.67682539466524,24.069829455355475,Normal,78.89,Delayed,100.0
24.399219011203108,99,470,62.398788379140804,1,8,1,117,66.99420256037399,49.33303529047937,Good,93.91,Delayed,112.0
357.081683218531,695,287,99.11880042288593,0,5,0,130,18.954660356257435,45.720045378013566,Good,78.78,Delayed,94.0
594.0185099860868,131,692,31.524290000401873,0,7,1,112,64.37565443553326,76.9189842673565,Poor,96.72,Delayed,108.0
398.321604648735,152,430,57.76636197581523,0,1,0,43,20.88645960146431,62.26634258176167,Good,38.0,At-Risk,44.0
443.1001728034918,115,710,68.58616016062653,1,6,0,127,17.082790767585916,44.93197729020244,Good,93.5,Delayed,107.0
905.117107548811,896,362,68.01320572681092,0,5,0,107,57.4579806078154,25.368425510534706,Normal,77.75,Delayed,91.0
354.77291235306734,437,705,60.51641886535624,0,8,0,16,46.25069806418455,30.41533920929456,Normal,75.67,Delayed,85.0
518.8495942682127,314,524,79.92352092945029,0,6,1,58,62.99292431406009,61.795091662215306,Poor,78.63,Delayed,92.0
785.8164826137316,881,712,28.44830885741348,0,0,0,137,18.029995125151473,48.10949244098132,Good,65.01,Delayed,76.0
402.57735449805745,980,639,75.30644802469743,0,7,0,98,48.788475656253254,56.343475797460485,Good,84.55,Delayed,102.0
625.8658332255948,326,28,65.77611142897803,1,9,0,83,25.73080435406422,25.360969177201028,Good,96.49,Delayed,108.0
863.7400716592778,972,32,90.6467600615116,1,2,0,145,98.83900773317049,69.66156271101093,Normal,79.05,Delayed,88.0
950.0254174210656,644,422,86.24749951302235,0,1,0,44,60.503519119165695,86.72848667703704,Good,35.21,At-Risk,44.0
155.60274611974756,911,39,38.36323352192979,1,2,0,107,71.86931748467805,33.21455561082105,Normal,88.83,Delayed,103.0
927.3217489098795,18,117,34.86135924776377,0,5,0,61,39.287645261434704,54.236280324864396,Poor,80.78,Delayed,102.0
497.1951301487428,783,376,98.34879914672031,1,2,1,58,18.52650233014097,97.79745961188117,Poor,90.65,Delayed,110.0
265.6619444159688,82,290,57.45386628237309,1,9,0,137,97.82837765051829,39.99175664956549,Good,91.48,Delayed,113.0
464.5443986758787,368,137,91.57788675229932,0,4,0,10,35.76331318448649,63.55417104313851,Normal,45.36,At-Risk,61.0
980.2322495326223,232,238,24.749292140243398,1,5,0,101,48.142736665621676,18.11761301802199,Normal,96.73,Delayed,115.0
497.6919130529409,425,120,67.85370233201569,0,7,0,69,68.48775295323175,64.54135022314989,Poor,84.03,Delayed,98.0
335.46409418463315,562,145,82.88741686245275,0,6,0,122,12.222756791750015,18.06685959741561,Poor,94.72,Delayed,118.0
637.0668457735585,379,371,95.26557246278021,0,7,0,33,82.92332174655583,96.33118917914399,Good,44.79,At-Risk,56.0
247.74416259041115,725,195,40.36061269153211,0,2,0,100,58.292037102575826,74.40963868650803,Normal,72.92,Delayed,87.0
85.10469482757728,273,665,75.24830529316472,1,3,0,144,35.03954683619399,80.93438093221357,Good,77.53,Delayed,100.0
137.59092469154274,849,593,58.49317081356571,1,5,1,103,15.544718676322233,73.36939246944732,Good,92.56,Delayed,110.0
136.7653805681947,699,138,15.456603345982138,0,6,0,39,24.62485739269973,63.07561324688192,Good,78.7,Delayed,95.0
160.3836665771714,869,270,72.0999763578049,1,8,0,18,90.55304729680932,50.49215029769548,Normal,83.51,Delayed,100.0
147.43890092291605,327,524,72.10869024140591,1,0,1,66,71.7421801542302,87.25360417849562,Normal,76.87,Delayed,88.0
644.4659973551825,93,458,93.75461243618832,0,7,1,81,32.491154947320084,96.11521007887568,Good,74.29,Delayed,90.0
190.06128355515338,327,113,54.758120155207514,0,7,0,63,15.904068845052658,54.913255561367315,Normal,93.14,Delayed,119.0
352.21061049062456,120,492,30.72258286394632,0,5,0,82,72.15537811479726,93.83815442397358,Good,48.15,At-Risk,60.0
897.8205258069518,260,233,14.010744110381124,0,3,0,46,61.51669533709886,62.499961898966575,Normal,53.0,At-Risk,64.0
479.2220238602436,392,500,47.407796801731514,1,2,1,5,46.40675720124115,58.45457682067899,Good,79.22,Delayed,94.0
670.8821611358169,16,482,37.17250300697516,0,2,1,15,42.72503042710574,50.9034459659821,Good,50.17,At-Risk,62.0
180.59667248961352,468,19,78.49794754214881,1,5,0,145,29.513284833619746,28.835898537710786,Normal,95.44,Delayed,118.0
200.36612862058408,93,414,41.884098835694196,0,7,0,38,70.26501308837658,10.334769473625327,Good,71.44,Delayed,89.0
50.459930103814074,217,311,95.41640766833595,0,6,0,112,97.36012250144834,31.735560417045512,Normal,77.0,Delayed,91.0
177.2457124414429,909,240,96.60791826890058,0,0,1,139,25.81437212531433,55.87508544432087,Good,58.52,At-Risk,72.0
285.80443564163903,399,740,65.88177311959373,0,5,0,137,63.740495801395305,44.19639570337773,Normal,79.78,Delayed,98.0
185.24037943397934,323,75,93.57942583133946,0,6,0,70,48.17665501713786,50.363670520237044,Good,60.23,Delayed,67.0
97.81550841948506,31,121,78.47689100630461,0,6,1,109,50.20198495701984,98.25833976076446,Normal,85.88,Delayed,104.0
129.4295123895948,419,22,59.21736768776135,0,8,0,54,32.87325521150329,41.52451336023948,Normal,92.28,Delayed,100.0
466.1709803523985,904,402,26.22771418805003,0,9,0,128,84.26213880952771,50.69646454240971,Good,92.0,Delayed,113.0
214.2703812217346,524,509,51.2738149162456,0,4,0,48,53.6730043732517,22.016399621753763,Normal,71.69,Delayed,89.0
370.62716243759473,136,607,60.47870170263558,1,0,0,20,58.906526697843766,14.316195919328887,Good,43.41,At-Risk,56.0
508.3830981463083,818,243,87.75654226615092,0,1,0,36,37.42848215175932,79.78685631332452,Normal,35.21,At-Risk,40.0
693.4908803430717,709,611,53.32000388820984,0,3,0,115,26.362761910025476,61.361485756478075,Good,67.06,Delayed,82.0
48.91901844268795,883,323,90.7907205410161,0,4,0,23,17.731934938253843,78.46343254395055,Normal,60.87,Delayed,80.0
801.4162949199522,23,575,70.6914081121122,0,8,1,54,74.27072268324243,23.487651899789647,Normal,85.91,Delayed,110.0
631.6213855959987,980,21,22.329915674830424,1,0,0,24,27.661085351907005,61.46458940644219,Poor,81.25,Delayed,97.0
90.94144162938319,987,218,99.54832323925837,0,2,0,134,72.10678187699179,32.8278226907238,Normal,60.99,Delayed,74.0
874.8428378657095,21,23,57.45093946785214,0,4,0,126,45.13388014422585,30.525563521001793,Normal,82.4,Delayed,104.0
921.663676526495,96,642,45.2672466768171,1,2,1,92,47.41973208906863,11.037341264768672,Normal,94.76,Delayed,106.0
70.46718025631512,533,427,69.32023880225739,0,3,1,93,52.22597464834946,21.730665121216468,Poor,92.41,Delayed,109.0
284.10887166573167,918,446,19.800398258293516,0,2,0,70,43.09376573147889,37.83413003497258,Normal,80.06,Delayed,103.0
808.1392669951307,546,386,67.28847820780189,0,3,0,121,19.05579795003311,20.519088453184516,Good,83.68,Delayed,105.0
750.7770934798218,310,29,54.841240044934565,0,0,0,23,37.86686290025612,98.72725963698437,Poor,50.98,At-Risk,63.0
192.67580916281355,252,596,46.60066629987248,0,7,0,10,69.73609246245445,37.77693836715556,Normal,67.67,Delayed,74.0
217.2558301033432,131,764,95.77180190610092,0,3,0,72,69.92059613219838,21.729155203209537,Poor,56.91,At-Risk,68.0
376.76738176346817,156,744,57.02857450588479,1,6,1,11,35.760187651599495,27.917408154516195,Poor,96.43,Delayed,113.0
489.6777553391111,576,79,29.72057315229446,1,1,1,34,51.409236390191914,62.893290550732885,Good,67.07,Delayed,82.0
622.072223814993,759,220,51.30671314395688,0,1,0,140,27.410250521074374,15.763917147830966,Normal,82.63,Delayed,95.0
375.2245031740747,365,110,92.74486641154054,0,5,1,22,28.93348733768522,87.61907171270411,Good,57.32,At-Risk,64.0
467.90936897181643,694,707,25.84859241975352,1,1,1,82,12.074237956594667,96.53497113134326,Good,85.76,Delayed,93.0
749.9962287524189,913,141,29.256133481941323,0,5,0,87,90.70718949169701,32.20726786006428,Good,65.12,Delayed,84.0
46.31637086169192,742,632,11.172661098137537,1,1,0,79,28.96359985674156,50.508574173177344,Normal,92.86,Delayed,109.0
259.9125749005806,640,390,11.277104445619045,1,3,1,96,30.478048924281698,11.992100592654737,Good,96.86,Delayed,117.0
716.2160900257069,318,141,84.64524642626613,1,6,0,139,35.164128938061864,67.66392022544994,Good,89.36,Delayed,107.0
896.2547693103273,704,29,75.89103461586602,0,7,1,33,21.46672645258861,47.253345224732996,Normal,89.71,Delayed,102.0
516.5606676945094,297,545,41.95369508067624,0,2,1,74,67.53365948632265,34.30526194914002,Good,71.78,Delayed,80.0
536.7923504126625,316,236,72.84800415048156,0,8,0,127,16.76286578598279,28.61533995549476,Good,91.6,Delayed,105.0
116.10029122637829,821,163,45.56853336789732,1,1,1,140,22.078218369371523,68.86207698928844,Good,93.79,Delayed,109.0
452.9382431552201,603,751,95.76071163980447,0,7,0,30,68.02810539310835,47.4595327929083,Good,36.84,At-Risk,46.0
537.2910937904729,975,478,97.03474132834313,1,7,0,129,40.56945584332985,26.16933601269208,Normal,97.0,Delayed,112.0
250.04579859838236,923,414,45.3514398228409,0,3,0,102,73.71530440310701,72.01981733381416,Good,62.21,Delayed,83.0
276.55079863988715,732,211,86.87997157067812,0,0,0,14,60.168227020312784,60.85650547330243,Poor,35.22,At-Risk,47.0
383.5113214735764,671,47,79.57801375277195,0,0,0,56,33.04190557553618,87.28048494365466,Normal,31.8,At-Risk,42.0
29.870485799949105,558,781,37.89999434546104,0,1,0,74,68.57451554403953,20.572830898884362,Good,56.31,At-Risk,67.0
328.8583739273465,361,197,30.88358460109954,0,8,0,33,20.46463122635926,80.70999417500106,Good,76.65,Delayed,100.0
219.3335269265792,321,66,51.24111853535504,0,1,0,102,58.27693447720274,70.6165108135533,Normal,72.67,Delayed,86.0
334.2223786561355,882,29,80.32139565529656,1,1,0,74,49.34332945405312,20.3509843145288,Normal,77.37,Delayed,93.0
128.5645105010587,68,282,96.41510062558709,0,5,0,28,34.108622453569666,72.53386568845487,Good,29.36,On-Time,36.0
891.622007932496,652,128,78.72211619799153,0,6,1,15,64.360449796555,49.739255999184735,Good,72.2,Delayed,90.0
597.6565290185082,933,592,86.9686286516533,0,6,1,76,88.42002331062542,95.04863070002588,Poor,88.46,Delayed,109.0
682.3112959530447,723,525,64.27578755534648,1,8,0,36,99.9014229786769,22.74502155561094,Good,82.54,Delayed,97.0
791.2795262212649,764,230,85.18670477579133,1,5,1,80,64.6986491869082,67.85500517341642,Good,89.49,Delayed,105.0
503.4577769397667,44,535,80.5978772203076,0,7,0,148,46.423528689625314,44.37820409166513,Poor,90.67,Delayed,112.0
96.05108520654946,454,524,43.928698773365205,1,5,0,123,30.268639019458146,96.113320353179,Normal,94.24,Delayed,117.0
541.7354764003622,102,737,59.6791271908649,1,1,0,18,33.13864804556006,39.697740576124886,Good,65.95,Delayed,77.0
590.9727068406703,959,750,82.42778097907254,0,0,0,101,53.15094803347891,96.59673185426202,Normal,51.49,At-Risk,54.0
747.9850794424867,968,345,14.145106077096074,0,4,1,135,43.054993115263834,91.13372659906742,Good,90.47,Delayed,108.0
437.3429507673826,216,707,82.7271354120247,0,8,0,76,92.24330703624499,34.334491177959066,Normal,81.36,Delayed,101.0
136.30449976760812,362,64,26.00993116441211,0,7,0,40,43.14659208901386,82.31875991437849,Normal,66.16,Delayed,88.0
290.93814674073724,912,509,56.32152554092951,1,3,0,60,43.610013203089196,99.60437816231554,Poor,93.55,Delayed,106.0
369.45147343464873,341,775,82.74478956003439,0,4,0,25,44.518106119057926,32.739670195415414,Poor,55.62,At-Risk,65.0
649.4580689182852,826,545,32.84389703410254,1,4,0,70,85.29581893308922,49.309945239098774,Poor,90.89,Delayed,107.0
575.0705216222227,871,171,32.122669537553776,0,5,0,102,68.57094887622117,56.81626629100837,Poor,89.56,Delayed,114.0
362.5357586388678,734,679,46.248795861602666,0,2,0,69,65.27519652870035,36.54380222234779,Normal,64.75,Delayed,78.0
986.6500963050499,168,603,90.5178517819871,0,4,0,106,40.0728720145476,11.373835568142677,Good,70.32,Delayed,80.0
609.7170711633182,963,168,10.03985032934871,0,1,0,106,83.61137591491955,29.8116319777774,Normal,70.16,Delayed,87.0
244.85452381863453,966,197,91.12447869777415,1,9,0,102,13.452747522013102,35.37431959075826,Normal,96.89,Delayed,114.0
110.7646478941997,33,69,23.8426322177447,1,0,0,18,88.37174551043019,49.923973118636845,Poor,65.84,Delayed,73.0
161.33054779248872,413,328,99.10777384607339,0,0,0,67,56.147490981453664,25.399223057206168,Good,30.71,At-Risk,32.0
253.49815110066305,814,220,95.93622937346213,0,9,0,69,45.84252113770715,88.59289210225053,Poor,85.41,Delayed,111.0
169.07455952696012,525,415,54.5207670632155,0,6,0,112,54.74505526459171,73.44200194582025,Poor,89.62,Delayed,109.0
194.7013538107927,741,673,56.144822303136536,0,1,1,56,70.0673977480448,17.668042980369577,Poor,80.6,Delayed,97.0
292.2442170069086,373,118,53.339440624826885,0,3,0,60,11.148888386610762,68.50832060259383,Poor,78.14,Delayed,93.0
181.63985934180727,391,85,67.18992810935703,0,4,1,91,88.43966708124229,68.82908287650584,Good,69.62,Delayed,85.0
897.797770380161,541,551,18.164953201143796,0,6,0,29,50.20655727802536,96.0599056279265,Good,71.63,Delayed,87.0
89.43140820502579,965,323,12.935615350740985,1,1,0,126,40.866986773007035,10.271878422054513,Good,89.97,Delayed,109.0
529.2662756745522,161,126,15.193263557430896,0,5,1,114,22.44210090706514,32.31392048252265,Good,91.32,Delayed,110.0
416.2928587197649,571,713,49.99288143173629,0,0,0,5,49.55188369225979,93.50123314377839,Normal,38.12,At-Risk,50.0
982.5548307395203,698,28,34.7993145297535,0,6,0,17,54.669049415594095,93.89205238584547,Poor,79.07,Delayed,95.0
120.91851314637182,956,441,65.98356061338944,0,8,0,9,46.328202504413,74.85277774335736,Poor,85.49,Delayed,98.0
403.8770430552842,617,694,99.31980604373011,0,4,0,91,71.07940844442074,78.91869889427859,Normal,47.6,At-Risk,54.0
969.7757289426152,626,749,44.769085576881935,1,4,0,138,47.88068758833034,18.23346621366824,Good,87.16,Delayed,95.0
866.8520546350404,429,359,61.6457128694062,1,3,1,76,96.5275820061916,56.24882513004103,Good,78.5,Delayed,104.0
818.9013502397871,259,192,47.40435063166019,0,2,0,100,63.934976604123264,30.842469216009945,Good,51.89,At-Risk,67.0
265.32379877449046,126,122,86.25445009496734,0,8,0,83,82.6730142086718,26.309623925225555,Good,63.74,Delayed,72.0
179.17871151616515,875,192,91.20127631160143,0,4,1,51,19.842031279853096,82.92729692109992,Normal,73.77,Delayed,87.0
671.9567877251867,521,490,88.9620050984734,1,7,1,30,45.756216365131515,22.153432301249268,Good,92.1,Delayed,107.0
930.0822292363099,749,155,97.69350148113318,0,8,0,144,40.31629313024374,52.17864732967467,Good,80.84,Delayed,105.0
561.1952640837904,587,637,12.476726662637375,0,4,0,109,61.25341493229326,94.47204156274297,Good,74.05,Delayed,82.0
575.8965625752008,344,122,85.58345459309778,0,9,1,92,87.50021680552831,26.72488500088083,Normal,91.35,Delayed,110.0
287.1793027236813,427,772,77.6594955735184,0,8,0,52,17.0504395985806,98.01940813644111,Normal,79.14,Delayed,94.0
771.7980038600175,941,485,30.582496846032832,0,1,0,144,16.53173182402397,99.48591871849531,Normal,81.89,Delayed,102.0
195.17331107194815,783,772,96.06880840487747,1,8,1,85,86.5285937341839,60.00554392141626,Normal,95.09,Delayed,114.0
330.4424440402012,304,312,23.33601354069509,0,3,0,1,29.156507743452167,25.31284661594421,Poor,74.45,Delayed,81.0
431.1820742302526,947,127,71.15949344205175,0,5,0,85,70.18779290048323,38.44943991468061,Good,72.91,Delayed,86.0
512.5342748976104,764,170,30.240119513432123,0,5,0,132,58.85903191247247,48.204354940888166,Normal,88.22,Delayed,101.0
249.98563509092943,380,410,48.82425838966672,1,5,0,3,84.96042353985065,37.839180192240065,Normal,69.68,Delayed,84.0
123.68845649181151,195,207,74.7243907250112,1,1,1,5,21.258001885276318,35.257202188886424,Normal,82.81,Delayed,107.0
614.5138420172162,255,269,60.6992177829742,0,6,0,148,21.680466915035016,97.50067382947218,Poor,89.96,Delayed,99.0
295.7442477078532,646,669,48.47516481953005,1,5,0,117,60.11365242504768,23.802834467417107,Good,92.52,Delayed,107.0
585.4258392083862,277,761,39.370458783878846,0,0,0,88,95.17407880225338,75.99951178451761,Normal,64.19,Delayed,74.0
162.81908812146028,652,56,85.56936901379113,0,1,0,13,47.34979825336788,10.03692604952574,Good,25.3,On-Time,28.0
486.3287008362693,246,408,22.943291528333233,0,6,0,55,39.424789022922546,63.65644024621392,Normal,84.17,Delayed,105.0
537.26353822607,539,719,48.709258887682005,0,0,0,80,64.60203908780971,92.43487035586472,Good,23.3,On-Time,27.0
61.30530145420264,561,568,91.3381814597628,0,0,0,148,93.7403740490528,35.914068468389715,Good,43.72,At-Risk,55.0
343.23823541198135,30,87,86.1264595413971,0,0,1,45,85.32350495601614,26.697337773194725,Normal,36.19,At-Risk,40.0
143.0705301695845,920,133,46.0847586225742,0,7,0,143,99.59352496598979,68.65118153905843,Normal,84.07,Delayed,102.0
72.74122076804007,746,84,78.67975272411775,1,3,0,15,12.031172488213938,74.13412665685539,Good,56.66,At-Risk,72.0
990.0606300660457,876,146,84.08447476379733,0,3,1,119,20.157233024148603,71.92274670567832,Normal,89.43,Delayed,104.0
329.13030652497577,803,611,89.99986816032667,0,1,0,83,64.85209870299599,38.738519201923665,Normal,58.68,At-Risk,74.0
811.7757013960885,529,409,59.00551921443052,0,0,0,7,83.85187954004647,32.69821619433978,Good,22.06,On-Time,27.0
262.0942482161262,109,514,28.40147974492406,1,9,1,87,35.67199080760899,96.03269199658398,Normal,97.42,Delayed,122.0
684.68769500169,761,509,32.977816885353846,0,8,0,130,31.52899792307969,93.09695574429365,Normal,95.85,Delayed,114.0
762.6255812907897,487,582,36.61252066374438,0,6,0,18,80.82782194430808,51.15849489035383,Normal,62.66,Delayed,77.0
599.6823532017659,608,147,63.4422232728654,1,3,0,96,15.074366846790841,86.15744795389361,Good,68.78,Delayed,82.0
476.8604266646568,307,59,12.95286617157476,0,5,0,65,43.24443828243266,50.70911298708664,Good,78.42,Delayed,94.0
417.7225050057958,949,780,67.24382219019714,0,1,1,78,55.522830033309674,48.19501162652593,Normal,67.98,Delayed,83.0
355.3795838775653,535,628,42.79188145854088,1,6,0,85,60.43138069152911,24.108665283936517,Poor,97.38,Delayed,120.0
930.2338528053476,343,634,36.5717622240678,0,1,1,123,75.57536411134991,48.37654508427755,Normal,81.99,Delayed,92.0
832.3132137098519,11,263,89.15469136553138,0,9,1,149,41.93611510875924,58.36752447398263,Good,90.82,Delayed,116.0
965.3766415598475,384,639,51.4002156022719,0,7,0,45,65.14159102071466,12.025389468581782,Normal,86.92,Delayed,95.0
133.05425125068928,302,719,18.55477409794235,0,7,0,112,62.68378805118607,49.97017046578658,Poor,91.72,Delayed,107.0
733.5588004516078,846,572,84.40720912236223,0,0,0,90,59.28544905883724,80.32205965556803,Good,27.35,On-Time,32.0
938.9570522528275,943,766,14.287713169285594,0,7,0,140,67.6434963827991,71.20414507368429,Poor,95.61,Delayed,117.0
189.42073550400355,562,435,75.4074301751377,0,1,0,32,33.350425396126866,67.16412899775415,Poor,69.5,Delayed,91.0
75.83130469310971,327,556,79.65155995935986,0,5,1,132,17.618387822616608,91.85998855934822,Good,81.59,Delayed,89.0
743.7094427971584,511,311,41.73423453359723,1,0,1,76,20.734450483576907,11.622880884270701,Poor,95.63,Delayed,112.0
578.7283820481127,837,590,84.2309070650008,0,4,0,120,30.212414438851095,60.13428275730107,Good,71.04,Delayed,75.0
843.4104889906894,390,358,56.40934652708081,0,6,0,127,55.01781419705067,80.86139635687364,Poor,87.71,Delayed,105.0
148.3746528600266,632,58,51.696428794551714,1,9,1,77,85.6398475491418,58.72018444311405,Normal,97.19,Delayed,118.0
797.3146387412913,23,83,14.08629533218233,0,0,0,66,73.11640078795457,39.15059973223413,Normal,39.81,At-Risk,56.0
209.6110468472671,513,713,36.10262742840153,0,1,1,114,81.01365437818424,22.262550858278008,Normal,92.2,Delayed,111.0
172.01938343704745,240,270,93.79089737967698,1,6,0,62,41.587806153348225,89.88067646345722,Normal,73.82,Delayed,94.0
172.62313995168302,994,365,45.264156695515,0,5,0,112,46.418836748369515,52.368615314884266,Good,76.55,Delayed,95.0
816.4289730290683,93,591,59.203046850109146,0,2,1,93,45.43136973915515,89.03036772871313,Normal,74.8,Delayed,88.0
668.5452484892381,139,611,57.88195110858266,1,9,0,47,27.268586596405136,62.72669101898515,Good,94.11,Delayed,106.0
527.8347705214281,752,269,63.1387980840424,0,1,1,11,15.509499232921481,70.67729049535006,Good,43.79,At-Risk,54.0
365.24217928226744,847,647,15.519786007895435,0,9,1,144,63.182448354450415,82.3835038940605,Good,97.97,Delayed,110.0
878.4285354049772,154,752,42.59586293188555,0,3,0,39,99.02950150785274,69.32399901401209,Normal,52.36,At-Risk,69.0
398.52065634840903,900,304,75.08154464942987,0,2,0,84,25.014673445523655,45.82493566110439,Good,59.78,At-Risk,71.0
818.4334450768613,866,650,28.050422596568463,0,6,1,56,14.201633790934638,56.22700455357859,Good,87.1,Delayed,110.0
444.74355948451625,37,322,28.322053979172438,1,7,1,86,80.15785136415397,82.27409722082919,Good,93.55,Delayed,110.0
383.1749851306585,75,621,10.908154602012225,0,1,0,83,32.73274060162518,43.62852667356858,Good,56.69,At-Risk,69.0
468.0529878129104,172,191,49.37337339473888,1,9,1,120,84.66794248176355,44.93093110916474,Normal,98.67,Delayed,119.0
308.36409542250067,238,695,89.44609426060798,0,6,0,73,73.35430003310638,18.612110445220104,Poor,73.49,Delayed,88.0
750.1332863744886,270,373,14.671084922857812,1,7,0,106,95.11061833457241,92.3125991699573,Good,88.83,Delayed,104.0
507.6931861915544,458,197,27.200683854640236,1,5,1,123,46.80345121810048,18.193268345089756,Poor,98.84,Delayed,121.0
239.89056819534912,433,578,37.90760845084796,0,5,0,99,69.57728555055706,68.33882597037004,Normal,73.38,Delayed,83.0
900.5788275418228,469,552,75.85522629077916,0,9,1,42,51.83693027319436,47.187503092251795,Normal,92.01,Delayed,104.0
390.0523091594793,961,605,67.65720335223278,0,0,0,118,66.7529827577689,46.505745122989815,Normal,64.44,Delayed,84.0
548.1173325028487,685,673,47.434951412366956,0,3,0,22,50.46390154069636,71.15966529154156,Poor,77.13,Delayed,96.0
907.4073898549015,310,557,78.31620453325381,1,0,0,36,26.976902178166736,16.038435936689083,Good,44.47,At-Risk,54.0
627.9956159548522,928,734,64.86679104912118,1,3,0,133,55.71076744030428,63.433520465629115,Normal,92.76,Delayed,120.0
125.72906030128043,312,417,90.64367196914972,0,1,0,64,57.57257812936981,79.48286073751193,Normal,58.11,At-Risk,68.0
940.4338023773404,296,627,83.62240742248237,0,4,0,133,82.9543463434145,84.53914820979348,Normal,60.6,Delayed,79.0
631.4309725407037,404,423,32.75322454802805,0,9,0,21,76.1968635214223,25.347735045439777,Poor,94.31,Delayed,114.0
341.5565585105153,19,351,34.42947198707802,0,8,0,104,69.74124615472996,90.76771450703563,Good,70.2,Delayed,79.0
147.87935193675338,716,229,21.282082821314706,0,9,0,87,20.20483859973153,69.0531482662698,Normal,91.24,Delayed,119.0
796.0849373775931,639,172,40.32682531457108,1,2,1,124,74.85546615973435,89.36693207386145,Normal,92.54,Delayed,116.0
623.8720283692284,279,229,99.95895268471848,1,7,0,78,55.02746407190633,53.67526453991785,Good,84.64,Delayed,101.0
538.1264810565583,601,279,46.51760517535549,0,2,0,89,90.46895824955433,58.783001058748184,Good,40.46,At-Risk,52.0
894.9536572204481,979,641,29.843959122019577,0,5,0,50,92.78838407174885,92.7134449325804,Normal,61.64,Delayed,72.0
790.7112391122854,614,409,78.62345960279977,0,3,0,101,14.964093154160691,90.99185890192047,Poor,83.1,Delayed,104.0
160.15813093542366,787,191,58.82239031163905,0,7,0,105,83.8577404319031,50.33447860321018,Normal,82.95,Delayed,88.0
318.6048471175927,853,627,23.46413045742573,0,5,0,59,13.392765138040357,34.697136847211354,Poor,93.94,Delayed,108.0
256.00424841632105,871,738,44.26207130447792,0,7,0,45,43.04526631255204,45.385339110783775,Normal,84.67,Delayed,107.0
746.5068296469502,370,214,47.302274398540895,1,0,0,35,58.80699780589712,44.898789567677476,Good,61.0,Delayed,72.0
43.197110388421585,266,591,77.84467305122968,0,5,1,10,23.329071876441468,35.81801874845145,Good,65.87,Delayed,80.0
574.1907880226033,142,565,11.860423200271402,0,0,0,11,77.16824313121691,34.172164389966994,Good,34.48,At-Risk,35.0
764.8340988832837,285,237,34.21176821184794,1,0,0,38,10.75192337549247,87.49566428317475,Good,58.53,At-Risk,79.0
877.997980394132,785,705,56.58366711839698,1,7,0,138,25.173914359063318,16.28757286161955,Good,97.47,Delayed,123.0
348.6609312287484,692,628,34.196206820755904,0,6,0,35,62.271714686812814,70.98500638896347,Normal,70.24,Delayed,83.0
823.0447316252927,981,605,66.5590642677099,0,2,0,51,74.29488058335632,25.55380463108071,Normal,64.66,Delayed,76.0
119.52541958565516,522,259,53.368073134715495,0,5,0,30,92.49787924245246,41.00553040546569,Good,45.35,At-Risk,60.0
847.987768817173,322,450,42.55392293736226,1,8,0,32,73.49469867411614,15.538873072135317,Good,88.27,Delayed,116.0
136.21377570866258,585,542,95.4287764183461,1,6,0,140,70.46013432293793,34.29762731699158,Good,85.14,Delayed,107.0
403.3144176547636,895,205,66.89435492678118,0,2,0,145,45.49070317155979,79.15789640055179,Normal,67.77,Delayed,92.0
799.3224121217581,989,699,21.694723504114712,0,5,0,57,10.115598297412127,89.65137920925328,Good,64.26,Delayed,73.0
158.41825307528603,293,528,60.408252769905594,1,3,0,127,20.814333286205976,29.937443671213035,Good,84.94,Delayed,98.0
236.95888128031507,130,79,80.26586678808108,0,2,0,30,58.109909028043525,51.719305533302965,Poor,49.48,At-Risk,53.0
725.0300427091356,116,648,73.76407277435176,0,8,0,54,70.76168972599777,52.329164314348574,Poor,82.33,Delayed,101.0
722.8361711806136,942,408,25.488030636573345,0,9,0,9,47.57034555068162,88.62177751837608,Good,80.22,Delayed,97.0
644.7361565564444,696,681,97.5177999136093,0,1,0,129,75.76111103755512,78.65191475882249,Normal,45.81,At-Risk,54.0
697.008960022429,213,769,50.39322811719454,0,0,0,14,56.967606579896085,56.17694965312449,Good,19.97,On-Time,28.0
547.2971989141203,174,212,24.312250336623517,1,1,0,2,16.675857603488097,70.36724804245961,Normal,66.1,Delayed,85.0
259.28106831788324,314,157,26.217617871533314,1,6,0,42,27.281462587115396,86.26195485184302,Normal,92.75,Delayed,104.0
352.23903356888025,506,481,18.841149297017246,0,9,0,66,85.59984009195486,10.858505862299046,Good,90.37,Delayed,105.0
189.7817396334114,641,664,82.31662975914409,0,0,0,55,75.24214719619955,46.26010279450438,Normal,46.9,At-Risk,60.0
909.366055720292,565,208,20.98274448896638,0,5,0,62,90.52857883112455,91.65188505493708,Good,63.93,Delayed,74.0
587.5578768184592,833,435,21.261273142757226,0,6,0,14,20.58015242088429,76.62817277595562,Good,75.33,Delayed,86.0
406.8429025960035,165,675,86.5424453284754,0,8,0,108,99.12002811535665,58.85572369006672,Good,74.21,Delayed,94.0
467.3857456076914,376,501,41.014367600280366,1,7,1,115,28.846604255494025,57.66800743316201,Normal,98.57,Delayed,112.0
947.8105062156972,728,151,12.77721138772652,0,5,0,91,11.06018886579778,41.2993087843994,Good,89.23,Delayed,106.0
161.8178890849194,911,322,14.67057695665698,0,2,0,137,99.76806451481987,56.84684802773631,Good,66.07,Delayed,81.0
590.3675336966293,629,174,22.795340203350598,0,7,1,46,35.29664969006018,68.98448795171079,Good,83.41,Delayed,97.0
510.8297920956213,260,323,29.205401317812058,1,6,1,56,70.12175072613039,47.65267345859138,Good,91.15,Delayed,113.0
615.3396930803013,966,30,69.86315748145648,1,2,0,49,25.901408275867468,74.27378317529566,Normal,78.88,Delayed,92.0
27.929081982632102,925,91,24.159365200164544,1,8,0,70,62.220567897922756,87.51090045343473,Good,91.45,Delayed,117.0
873.40266985471,891,590,20.69869520593648,1,1,0,142,91.36314878091034,23.921636336637505,Good,92.31,Delayed,110.0
932.7970996587762,343,140,78.82472273286513,0,2,0,145,38.81630506855947,50.6392320535682,Normal,74.63,Delayed,93.0
569.4818517533168,651,608,70.3949755473923,0,1,0,81,70.32285784399232,46.7218082156573,Normal,62.57,Delayed,79.0
699.6843156381233,978,739,49.17917993097126,0,0,0,115,26.911322991857485,71.87183236447552,Poor,77.77,Delayed,90.0
923.2743873655228,520,314,59.43787943320935,0,3,0,104,66.23158588468527,32.48807187321364,Normal,71.07,Delayed,75.0
710.1662479702646,302,380,38.07856182937766,0,4,1,87,40.280531663575914,67.62258234570487,Good,74.92,Delayed,92.0
161.01365248511874,29,393,53.42503782118246,0,5,1,1,29.008743272915652,88.97403175583392,Normal,65.03,Delayed,78.0
580.525476565145,291,454,55.60053840844712,0,4,0,103,38.18638456332717,47.631843981426044,Normal,82.08,Delayed,101.0
610.6478959190273,806,434,44.85135440602863,0,0,0,83,26.09569616570194,91.9914129981298,Good,47.99,At-Risk,56.0
429.8893645893622,10,170,91.59149896049465,0,2,0,42,91.17244970540945,99.38473650401306,Poor,35.25,At-Risk,40.0
739.0797932684756,128,187,11.445567848290553,1,0,1,70,45.7468197685416,19.548284495315684,Good,89.42,Delayed,117.0
935.0233446213247,44,638,80.39541367821215,0,4,0,93,32.07513744769306,30.974786918637278,Poor,77.8,Delayed,86.0
926.3128277777085,207,717,21.19445481171919,0,4,0,41,50.35670569143396,95.53417763338838,Poor,87.52,Delayed,109.0
456.3309776900908,494,499,81.77926244834795,0,5,0,132,38.8482550125846,96.24949178332481,Normal,76.77,Delayed,89.0
122.1056653823477,766,336,65.43207241090491,0,7,0,138,76.99773284319933,18.793654784808265,Poor,95.34,Delayed,113.0
984.9927869727112,68,607,85.89502818427621,0,9,0,64,97.40979206969449,11.3498650339423,Normal,70.59,Delayed,83.0
840.5091055814747,846,298,18.77628930768077,0,0,1,33,49.42302910278821,24.499002093078005,Good,73.58,Delayed,84.0
133.41605439123418,170,602,60.308257068979664,0,3,0,119,87.49300599750164,99.64115050440235,Normal,65.51,Delayed,81.0
921.6334637911986,700,673,55.09790922359774,0,9,0,0,60.92767662036576,26.199965494961816,Good,70.91,Delayed,92.0
871.197398441507,215,582,73.55738646670227,0,0,0,129,24.151209858481014,55.229284604982084,Good,33.14,At-Risk,42.0
523.6496765548114,21,582,58.08614967043082,0,8,0,147,72.15604678732075,86.357595378746,Normal,83.43,Delayed,101.0
595.3626813874799,499,363,58.66611104197938,0,6,1,60,56.20910474132381,11.83614496193857,Good,88.92,Delayed,102.0
405.01267683142896,285,37,48.66363492184582,0,6,1,148,68.5545870926893,64.40400840326134,Good,90.99,Delayed,112.0
64.21402243381101,702,52,37.79509816066067,0,4,1,87,90.07186713144985,34.93229039826619,Normal,88.65,Delayed,117.0
341.8452692294419,251,690,53.403792512697294,0,6,1,67,49.63911135904414,87.61014247957584,Poor,85.5,Delayed,101.0
804.8249141120314,225,432,20.66431228915605,0,1,0,126,91.10598608956201,35.511503433767125,Good,54.63,At-Risk,64.0
14.58570277455683,260,607,96.53620050847763,0,3,0,139,77.56021128534894,71.8080148253718,Good,49.86,At-Risk,57.0
340.16417997423275,820,186,74.29696872639384,0,6,0,21,53.97444332901863,70.67976692026572,Good,52.66,At-Risk,61.0
404.1870066550339,135,538,95.7220405019062,0,2,1,147,64.28999220921673,29.934419397367602,Normal,85.95,Delayed,89.0
542.0216469085436,226,619,30.405464409696695,1,1,0,81,39.30230192671103,13.13192798815151,Good,81.24,Delayed,100.0
920.6570602486329,315,503,89.14069181588752,1,9,0,128,98.52375697648968,46.83246164068576,Normal,93.68,Delayed,108.0
352.88253442230166,806,207,82.79109861071846,1,1,1,29,70.06160467453563,36.027383676928274,Good,69.21,Delayed,75.0
353.4836698772654,194,619,70.94371712119063,0,0,0,125,13.94621672469669,82.80799746523377,Good,41.42,At-Risk,53.0
740.1262356286509,48,586,66.25262674766851,0,4,0,96,39.39597151732079,82.03277696098108,Poor,60.73,Delayed,67.0
457.6957614809091,232,526,38.489469874108295,0,5,0,23,66.09829903831518,51.132155697336295,Good,56.27,At-Risk,66.0
232.35877471058214,193,523,83.47697064685276,0,5,0,13,15.069995001931582,64.58610027908969,Normal,59.77,At-Risk,79.0
457.9151209713665,504,31,55.136391533176045,0,8,0,35,12.149577218722849,64.38335643882326,Good,72.21,Delayed,80.0
149.44845017600187,436,121,16.38024183021568,0,3,1,23,50.50218155750223,84.4442333584861,Normal,69.31,Delayed,76.0
184.62311664116106,187,66,38.1576844769617,1,0,0,94,39.9421161723403,48.25021727108778,Normal,86.04,Delayed,105.0
503.38409501208497,928,75,94.17673886907949,0,5,1,54,49.44687472298493,34.79020118114582,Good,70.0,Delayed,90.0
424.7361950095024,437,107,86.56122345443616,1,4,0,23,33.64239788920047,33.85314263264927,Good,72.65,Delayed,79.0
915.697442057419,303,153,98.37151282688852,0,9,0,25,24.824597224868285,58.257305135398376,Good,75.99,Delayed,93.0
368.76996012546675,861,444,66.51940443436882,0,5,0,79,72.02290212823038,50.42333824589913,Normal,55.83,At-Risk,70.0
584.7824667752631,160,646,32.27590658263708,0,2,0,64,56.31140046410204,49.610869388644254,Normal,58.91,At-Risk,60.0
635.9416450403351,393,688,24.65335447091774,0,1,0,74,28.013879012443013,18.20236051807365,Normal,75.71,Delayed,95.0
22.9635120224503,647,95,26.822299654761547,1,5,1,42,38.76304836339985,74.67433666211761,Normal,97.14,Delayed,121.0
666.9019982965435,822,597,11.781609251252895,0,0,0,28,63.26271168969933,29.236301918371964,Good,33.44,At-Risk,39.0
186.25560720105392,317,353,45.16138998873453,0,6,0,80,16.500641344523004,27.725826718784923,Good,89.36,Delayed,113.0
961.4596142947606,345,303,27.228491244958825,1,6,0,53,23.27077083395616,47.148248824965414,Good,90.98,Delayed,115.0
157.17610047558182,955,580,47.04899144110322,0,9,0,38,16.59210436966511,30.500050745602127,Good,84.98,Delayed,102.0
420.4778824897535,755,659,94.14949886548888,1,6,0,41,83.1085599442707,62.547244057721386,Good,64.36,Delayed,75.0
94.49617139785742,901,620,48.748618855647095,0,9,0,28,77.71683098908083,43.43170054010243,Normal,79.0,Delayed,90.0
996.9055093274878,384,713,89.01860472863514,0,0,0,130,77.79816386913313,50.40205503335111,Normal,58.47,At-Risk,70.0
507.17306022793014,17,252,64.49542899542888,0,3,1,137,74.46928091284252,58.3452389443626,Poor,82.33,Delayed,102.0
599.4311671468433,350,570,32.241839919525276,0,6,0,141,70.24468813028822,28.318197023362437,Good,86.44,Delayed,102.0
76.4057126145432,138,41,42.026928333329025,0,8,0,41,52.92927238403575,24.017646057897682,Normal,81.61,Delayed,87.0
752.460865695186,785,400,17.55275822392865,0,4,0,93,67.80503471564035,89.23797125862443,Poor,83.08,Delayed,106.0
217.8065371646299,678,286,40.011633423640944,1,1,0,31,13.45253993091772,49.03513325482789,Normal,92.03,Delayed,111.0
899.0737465463067,361,541,70.97868509531807,1,6,0,25,65.93179803911062,47.08842486692853,Good,75.44,Delayed,89.0
213.08824407718708,367,163,16.489998363649168,0,9,0,114,80.00899349831894,13.205093524555734,Good,92.35,Delayed,115.0
198.7808434570299,526,392,28.48612676302264,0,0,1,128,55.032252434595115,54.81786723286539,Good,84.1,Delayed,109.0
46.18417116961393,504,77,44.329693727198034,0,6,0,55,42.17619955845132,59.87527494499001,Good,58.92,At-Risk,57.0
477.34627565889923,95,223,98.38445833143663,0,5,0,121,34.96840613208812,60.295678385919985,Normal,82.34,Delayed,101.0
569.1927219299903,184,664,80.63756406629922,0,6,0,105,67.85218451458742,73.63280523905959,Good,38.5,At-Risk,39.0
75.05155303406885,811,385,76.01380718428935,0,9,0,129,72.35210787669179,25.97336514919106,Good,81.51,Delayed,100.0
777.7723405280605,202,753,20.45718608729014,0,2,0,80,88.38708398762883,32.70008208075569,Normal,64.12,Delayed,78.0
458.7559464005473,320,222,80.28963042534923,0,2,1,119,40.810067421489165,82.96574187073715,Normal,82.08,Delayed,102.0
529.1463666343043,128,88,80.67419303644137,1,6,0,51,79.2795076647027,95.24535551590546,Normal,75.54,Delayed,88.0
446.3551194688459,227,735,64.09924260618953,0,1,1,90,60.522024177040414,22.23394726305886,Normal,76.14,Delayed,82.0
406.7554302665727,436,637,99.13256037985347,0,0,0,136,89.45528416102712,54.78845990546964,Good,32.12,At-Risk,36.0
564.0439279951357,979,613,39.272851533209675,0,8,0,21,57.503089746605866,29.275862746562815,Good,68.46,Delayed,84.0
163.6878434714054,423,791,94.71452034176664,0,8,0,33,56.58668455581705,15.40658515194842,Good,49.32,At-Risk,64.0
190.1088491903184,123,390,92.32580034608533,0,6,0,109,62.00893732968182,39.29530043135219,Normal,77.93,Delayed,88.0
863.1677648033822,987,689,11.033259377444006,0,6,0,48,77.4383819628191,22.93188626657915,Poor,92.34,Delayed,116.0
946.6543075122964,154,67,50.510487382733,1,2,0,128,96.82214309456148,73.89397660908216,Good,80.42,Delayed,93.0
379.5762231169554,547,35,97.93938097464161,0,9,1,72,16.62070187941891,58.03528723043,Normal,90.37,Delayed,110.0
278.03722641211823,657,456,19.28092261672682,0,1,0,83,14.809114215191546,22.94510238912798,Good,77.46,Delayed,90.0
647.5595478066256,312,75,59.300622494498754,1,6,0,52,94.37953036666046,10.831742956496292,Normal,85.63,Delayed,104.0
414.6468293871154,753,769,98.10617563369937,1,8,1,99,57.688806296638546,82.73413441217915,Good,94.79,Delayed,118.0
35.13249210374141,890,263,59.99458816952742,0,0,1,123,65.34127131102424,25.85749655478228,Good,78.87,Delayed,89.0
164.59107139252845,597,53,27.08337726749404,0,3,0,44,53.418124143525596,64.55949779986894,Poor,79.75,Delayed,92.0
718.8125065589236,996,106,62.396490708333076,0,5,0,136,18.429170734672702,40.3229721769071,Normal,88.92,Delayed,108.0
662.3347024910498,849,563,28.399651655459216,0,6,1,104,79.12804405767999,62.693734448353204,Normal,94.64,Delayed,126.0
36.825032578448656,354,236,56.77338366050358,0,9,0,149,77.25021805797282,38.408826428409164,Good,89.75,Delayed,103.0
229.75244031361996,823,783,16.66379961211132,0,6,0,145,38.05329893435308,17.824560462302877,Good,90.57,Delayed,119.0
238.76404862219067,973,688,64.49344022929643,0,9,0,105,37.56153207055604,30.065500770197822,Good,82.57,Delayed,109.0
675.1738161627411,810,445,56.51109452153424,0,1,0,42,85.40572428149666,26.925270983116803,Poor,58.98,At-Risk,70.0
29.513432376820514,10,610,76.61452318853168,0,3,0,133,16.512153196719396,48.52174171956795,Poor,87.85,Delayed,104.0
113.06749616472811,156,388,66.76304240429064,0,4,0,47,89.29946335209092,69.24554050835417,Normal,56.99,At-Risk,65.0
801.9169245194574,296,187,59.4645641677681,0,0,0,125,33.0995520906323,33.74254674517218,Good,48.91,At-Risk,58.0
186.75921543379027,985,436,72.0800964323309,0,0,0,6,63.36862729799445,11.086294177055615,Poor,41.45,At-Risk,43.0
656.218646773356,663,718,22.954772221500775,0,9,0,15,94.23947611016,56.704362783828124,Normal,85.99,Delayed,103.0
245.80095323625926,62,316,63.582369513274365,0,2,1,128,71.03102513829818,64.5183540423075,Normal,70.38,Delayed,92.0
108.44697883175171,313,788,25.48995425404999,0,9,1,114,47.298683122033296,96.65834446016287,Good,94.71,Delayed,111.0
250.74046908945954,78,513,93.29699870666929,0,2,0,36,72.05807880148737,63.05237227839221,Normal,25.97,On-Time,30.0
725.0442625371026,370,277,16.150069436104378,0,7,0,124,40.95816726847332,52.40553034403277,Normal,96.06,Delayed,107.0
857.1395034252229,611,595,48.733727472171395,0,8,0,80,34.95325747142675,61.606146330793344,Poor,91.07,Delayed,111.0
831.9176659213217,967,17,72.62177298899005,1,0,0,61,99.70149501412118,93.51105668758244,Normal,62.69,Delayed,77.0
403.21169432227026,229,517,51.22199905014329,1,1,0,71,77.5711208061809,84.55403310414816,Good,58.44,At-Risk,70.0
671.4042852049397,971,485,18.28857279096121,0,9,0,124,68.02479796436359,39.06808600274272,Normal,95.51,Delayed,114.0
212.93445246166277,713,306,59.804111451403664,0,1,1,65,41.97606788973869,31.352892729142354,Poor,76.43,Delayed,90.0
300.2162529584031,975,173,67.74687179446191,0,3,0,29,14.424474623954335,33.63702511294663,Good,37.01,At-Risk,47.0
897.3724603359086,584,494,73.34130798914569,0,1,0,19,12.795118843164005,55.39789357436917,Good,34.47,At-Risk,41.0
22.871904275628673,594,606,43.5933833016483,0,6,0,81,59.876312990391895,76.964450610572,Good,71.46,Delayed,87.0
94.6534455459234,170,81,60.729397392588595,1,8,0,106,78.5829448935146,55.289728646466585,Normal,90.08,Delayed,109.0
215.80739259456703,690,576,50.56178274450218,0,6,1,131,58.36412713994696,16.10167562453013,Good,89.29,Delayed,113.0
36.26688183508152,98,568,70.4850434877028,0,5,0,36,85.67065647452031,75.12226303959828,Normal,51.56,At-Risk,65.0
189.62108073889934,697,247,62.520127059233666,1,9,0,131,13.008387978389948,82.53731158038585,Good,96.52,Delayed,117.0
587.2111453599953,790,113,57.318059760322136,1,0,1,76,43.00768687833461,36.05480786077477,Poor,93.72,Delayed,120.0
427.210305086573,594,219,32.45719301544238,1,9,0,88,31.336335205676026,69.77131653550154,Good,96.26,Delayed,118.0
893.7449939662051,766,563,10.181666597341053,0,8,1,145,50.254567134140984,48.393271094895404,Good,95.48,Delayed,121.0
819.2691261210565,598,477,25.667350778028634,0,4,0,87,16.513875387471025,90.02074201546985,Normal,81.71,Delayed,101.0
348.3991781808972,168,463,20.535943728175177,0,4,0,32,95.87184774139654,86.07030023446659,Normal,67.85,Delayed,72.0
266.82919909697955,498,277,50.41762705098521,0,5,0,57,30.092986096242484,57.288879847867804,Good,67.54,Delayed,88.0
385.89548408559426,980,395,65.10323356856603,0,8,0,27,93.00769979352263,72.2354991232235,Good,55.42,At-Risk,67.0
594.3919930896596,333,784,29.177650781632735,0,7,0,34,48.330383953301364,89.50147309198935,Good,81.47,Delayed,98.0
275.3830044146475,619,396,94.51513863704685,1,7,0,124,98.69717199296963,54.614530907044795,Normal,83.47,Delayed,102.0
627.9074187706427,390,268,10.6013916301499,0,7,0,137,59.86525451141897,38.19256664399398,Normal,95.42,Delayed,113.0
415.31753566932804,111,292,79.50709136488086,0,0,0,64,93.77495777582267,77.82995241186231,Normal,37.92,At-Risk,47.0
556.5267090434604,503,635,66.2684292577398,0,0,0,41,10.481408982480056,29.80596293062226,Normal,53.6,At-Risk,61.0
441.7652638439635,653,49,43.61993209429137,0,7,0,84,77.34149255628101,44.96780332054379,Normal,87.39,Delayed,111.0
301.5211019464985,623,495,14.544004997116712,0,4,0,136,91.27455877922638,87.91545133961144,Good,66.03,Delayed,79.0
948.9687738925351,28,229,66.47379146058515,0,8,0,110,22.57485102810587,75.19801062423835,Poor,88.49,Delayed,104.0
765.9697362181632,463,138,44.705216157908325,0,1,0,14,18.651326655893634,46.342990472274934,Poor,71.68,Delayed,81.0
148.712044008788,491,529,94.26404254718972,1,8,1,68,48.211534646736,29.327005216752166,Good,94.81,Delayed,115.0
869.7832961389337,603,622,58.77910674007893,0,7,0,104,94.03110155196416,42.03715517490129,Good,79.08,Delayed,96.0
492.5568862670185,406,697,94.56863601641574,1,8,0,149,58.814790417139484,35.56937343046897,Good,95.23,Delayed,116.0
895.6067046251505,288,628,29.84353241259737,0,3,0,63,57.471081734955895,25.848035914946855,Good,61.89,Delayed,69.0
801.8567033878421,860,622,75.3153319327693,0,0,0,40,22.70135064693897,76.8999622209091,Normal,53.87,At-Risk,57.0
430.9613694245411,374,269,65.55241187638532,0,0,0,70,10.07105599838969,32.68628981651544,Normal,59.47,At-Risk,74.0
32.244615236916225,340,375,76.54674068481806,0,4,1,55,82.9126081670915,50.87507231509874,Normal,77.55,Delayed,100.0
275.99058579109663,650,767,29.320107757528312,0,1,1,24,17.88171066876144,44.727350215249814,Normal,81.83,Delayed,93.0
546.2178725142583,353,796,69.84950646139964,0,7,0,104,67.04648368617916,98.38696407720677,Normal,78.81,Delayed,103.0
637.1434376278858,831,553,54.82363537511821,1,9,0,133,92.31548090636723,45.198301973339845,Normal,96.81,Delayed,118.0
265.3088085788703,464,658,76.85424774156846,1,4,0,118,28.77867218425879,17.19842345170793,Good,81.81,Delayed,98.0
147.96251333209588,610,533,39.4340179736636,0,4,0,8,69.87455526132197,18.084317731487562,Good,42.12,At-Risk,49.0
836.5809344313061,734,25,90.10513229187274,1,1,0,59,17.08287190367585,63.167834921775835,Normal,75.23,Delayed,83.0
984.5581588965166,664,138,17.587118315021534,0,6,0,124,64.33796294538516,63.942719656443906,Good,75.15,Delayed,95.0
530.433280479659,74,584,82.64703869120693,1,7,0,48,24.753854885788247,47.68830914343895,Good,84.97,Delayed,98.0
179.96249298982048,85,118,87.51876632335818,0,9,1,50,76.23582044636602,48.86593230808267,Poor,92.15,Delayed,107.0
279.5842532541753,720,542,83.5527080230139,0,0,0,69,37.11081653145174,14.85393245567841,Normal,57.26,At-Risk,74.0
28.206769781992065,152,679,56.14537548355984,1,1,0,36,51.70519079241816,56.4891859350336,Good,47.04,At-Risk,47.0
915.155818494894,926,278,49.45464820276852,0,9,1,30,63.94874878248595,55.42655278423165,Normal,94.28,Delayed,106.0
126.57357206123973,924,171,99.66360578723891,1,3,0,61,25.41460695996156,23.45943867012501,Normal,90.55,Delayed,109.0
580.751310759111,837,269,30.62547560927459,0,4,1,92,76.74740367558589,19.345544749983482,Good,86.16,Delayed,105.0
281.3146684803339,614,111,59.21883692884401,0,1,0,13,37.23763065731331,21.121524153954145,Good,43.05,At-Risk,54.0
558.6362224906355,482,515,70.3607972844093,0,0,0,78,69.61346739214781,19.092542184213265,Poor,65.54,Delayed,77.0
654.9061844683456,426,744,73.07808722752887,0,8,1,7,24.245474562943627,64.87373759830838,Good,81.33,Delayed,110.0
831.4443856701296,314,580,28.362219916472082,0,0,0,35,71.93058932857153,27.683438716262675,Good,36.86,At-Risk,43.0
214.35705904299718,745,256,68.85946831058212,1,3,0,47,21.53692655294156,32.62871369687171,Normal,85.69,Delayed,102.0
20.88587037189567,506,649,83.65326098332035,0,1,0,84,48.28208466429852,25.621492973629575,Normal,64.64,Delayed,74.0
145.5167737681192,300,546,14.5016719139001,1,3,0,27,32.248546636498915,96.20517740036527,Good,87.24,Delayed,105.0
901.018455429624,949,140,92.03691639927848,1,7,0,50,77.35377244853643,86.91557168366519,Good,60.68,Delayed,76.0
875.1511767868901,111,362,12.655364963068534,0,7,1,103,33.58315040561871,30.744535361636878,Good,94.17,Delayed,119.0
601.4389711486052,995,205,42.037392923955494,1,8,1,100,89.35455757558566,39.48096645299134,Poor,98.1,Delayed,110.0
604.5116918293169,276,675,11.423187660966587,1,4,1,28,90.26381902659516,28.890355807449744,Good,92.95,Delayed,110.0
668.3863078007929,876,391,16.94306516856237,1,6,0,126,27.679718370050725,54.268836351474135,Normal,97.08,Delayed,119.0
183.6175658372151,977,654,92.00514566620711,1,2,0,81,65.24613505069519,11.764947922682824,Poor,80.58,Delayed,100.0
915.2678264657102,631,236,41.937474767153304,1,9,0,9,17.894587754796788,70.42312080071162,Good,91.85,Delayed,110.0
424.5828196431524,983,710,48.22943773825476,0,3,1,105,45.23833896414663,57.084233483587745,Poor,96.11,Delayed,118.0
389.3071429670025,851,485,29.380994324429736,0,9,0,0,74.1989556551145,90.8775035470993,Poor,87.15,Delayed,101.0
523.7285282300091,971,486,63.73861931680478,1,8,0,38,69.34809221649246,24.795341589557275,Poor,95.21,Delayed,122.0
56.496307107304496,951,274,63.532289321001066,0,9,0,20,66.22306024659471,82.36983214550185,Good,65.9,Delayed,84.0
174.62053506851862,786,381,43.49803526426973,0,9,0,64,35.42867772961992,81.27649130200442,Normal,92.58,Delayed,104.0
740.6532802621067,12,495,39.97313846248585,0,0,0,14,44.02224544909618,21.446307029519822,Normal,32.62,At-Risk,34.0
91.9706812458752,94,443,89.6467877362529,1,1,1,131,19.265153023025757,45.870330172971485,Poor,94.88,Delayed,109.0
607.1205883717244,803,655,44.495581567798126,0,4,1,60,74.7120538390241,25.31373770300652,Good,75.0,Delayed,93.0
252.89561858450776,337,220,54.41508929389674,1,2,0,147,55.349991711214614,32.9248450411794,Normal,87.64,Delayed,99.0
395.4026579015568,825,581,35.49742861824376,0,1,0,137,73.78890691110891,33.692155734748994,Good,64.27,Delayed,75.0
295.80679940299285,459,386,80.80925530214147,0,0,1,86,32.40491723171855,60.06127546231955,Good,67.07,Delayed,83.0
362.11598930029965,463,404,45.77033412091825,0,9,0,104,39.19944057715596,47.026983858441895,Normal,93.89,Delayed,112.0
721.855446132403,933,459,56.22499418898921,0,2,0,33,40.079380353410315,95.29595236056748,Normal,56.73,At-Risk,69.0
304.15049846694325,638,373,32.80214530536953,0,0,0,123,12.316816877249458,21.37331277523046,Normal,83.71,Delayed,95.0
570.7405938939282,230,466,98.88936331071265,1,0,0,109,40.69430855475612,97.63229213651789,Normal,69.29,Delayed,86.0
481.2898981771087,163,734,36.23461668313506,1,0,0,32,82.29741161662302,30.757477619283755,Poor,72.22,Delayed,84.0
667.0344537090217,674,737,79.36682778149965,0,7,0,97,90.75686461747647,79.55865427436677,Good,57.59,At-Risk,67.0
937.4614419315104,21,235,48.47460853210833,0,2,0,60,56.63964840723347,40.50729335555393,Normal,54.82,At-Risk,67.0
735.2463762381478,142,140,28.55956645757259,1,0,0,9,50.99515256972982,22.877325587558254,Good,61.48,Delayed,74.0
222.79097480484918,313,597,81.97468875683751,1,6,1,83,12.774215682943323,87.21002667216159,Good,92.88,Delayed,112.0
40.871303710671825,302,485,40.02461101261389,0,9,1,64,89.12839038268444,37.79748093128169,Normal,92.26,Delayed,107.0
269.64140385682686,984,286,87.867401265803,0,2,1,76,11.170919208328545,69.2969863804158,Poor,85.09,Delayed,101.0
599.1271513932522,309,165,92.37314664260407,0,7,0,0,95.02750721891906,60.97993165779639,Normal,69.61,Delayed,84.0
60.91155534940785,749,769,87.38414518521483,1,3,0,132,54.02946238192816,52.45806784517869,Normal,90.46,Delayed,102.0
501.402584729224,792,227,13.150712332612509,0,3,0,79,40.7741044217254,54.62375253836852,Good,75.72,Delayed,89.0
600.8744204277203,52,199,80.86360105045951,0,4,1,14,93.1796591358394,75.90141226830588,Good,34.13,At-Risk,43.0
340.9014519087912,953,426,47.020551984922946,0,5,0,27,12.195189379908706,17.89956227110965,Normal,79.68,Delayed,89.0
773.2030817083637,352,684,88.63506281640026,1,6,0,22,62.32824053821784,70.13625957621147,Good,63.47,Delayed,82.0
115.53227060243408,335,701,67.4158836416265,0,3,0,108,59.40392720494039,90.62308912587208,Good,53.07,At-Risk,70.0
84.38640391845067,823,555,85.02788207295626,0,7,0,106,29.738836109024387,15.200937731787773,Normal,80.15,Delayed,90.0
730.9068686415674,507,50,54.94885928801518,0,5,0,144,48.59986882151895,22.658800531030007,Good,73.97,Delayed,96.0
500.5364030441365,373,316,58.15229541390396,0,0,1,112,68.70376053493932,74.49687430318282,Good,55.11,At-Risk,65.0
691.5183724634587,900,347,22.994886892030053,0,0,1,97,75.44180771937347,49.35534834201558,Normal,82.58,Delayed,101.0
440.47906521770875,436,323,80.55886228204199,1,8,0,140,10.064517283592181,46.319375873231955,Normal,96.92,Delayed,114.0
253.93801290671576,30,84,47.74506505002745,1,9,1,141,94.31680870819137,22.326997108981224,Poor,99.31,Delayed,124.0
820.9112944974577,416,288,55.00721064444244,1,5,0,138,24.807283515353117,55.60930366460093,Normal,92.68,Delayed,113.0
801.4217201792894,628,185,80.65879426861369,1,9,0,27,31.022239080012326,21.38907800767395,Normal,91.3,Delayed,105.0
697.7495061458825,345,671,63.896086007149506,0,7,0,41,33.71261011244634,52.89584106794864,Poor,90.79,Delayed,103.0
279.4236858576631,824,282,28.09888546984007,1,6,0,98,13.403812289683177,78.7253769065491,Normal,96.39,Delayed,108.0
594.3283602003962,126,629,63.120939323580345,0,5,0,60,21.07469112312924,33.24379220984471,Good,71.78,Delayed,87.0
367.36415797062654,133,660,46.68695721816902,0,3,1,122,98.77149306497458,53.27075513617546,Good,84.0,Delayed,104.0
100.66625259336782,408,792,52.25729878394764,1,6,0,63,38.36950636395575,99.28143724571521,Normal,86.51,Delayed,107.0
918.1404397076203,802,298,12.5480146962401,0,8,0,30,20.37709813051444,71.79853810186336,Normal,89.18,Delayed,106.0
145.45044460977178,813,733,28.902641456465343,0,9,0,80,19.6292135057161,85.72210941746788,Normal,92.05,Delayed,105.0
950.7349802825944,724,281,35.293427324292544,0,9,1,9,74.75139709029747,47.33628459044912,Normal,82.96,Delayed,96.0
451.5457152283762,60,75,74.16640070729252,0,6,0,7,86.91117976293768,79.10748308132698,Normal,38.44,At-Risk,52.0
